title,date,url,author,section
História política de Lula é contada em fotos do Leilão Lula Livre,"
4 de abril de 2019 ",https://www.cartacapital.com.br/politica/historia-politica-de-lula-e-contada-em-fotos-do-leilao-lula-livre/,Giovanna Galvani,Política
16 filmes essenciais para entender o que foi a ditadura no Brasil,"
31 de março de 2019 ",https://www.cartacapital.com.br/sociedade/16-filmes-essenciais-para-entender-o-que-foi-a-ditadura-no-brasil/,Alexandre Putti,Sociedade
Documentário resgata olhares sobre a ditadura e a Lei de Anistia. Assista﻿,"
31 de março de 2019 ",https://www.cartacapital.com.br/sociedade/documentario-resgata-olhares-sobre-a-ditadura-e-a-lei-de-anistia-assista%ef%bb%bf/,Alexandre Putti,Sociedade
7 crimes que derrubam a tese de que a ditadura só perseguiu “terroristas”,"
31 de março de 2019 ",https://www.cartacapital.com.br/politica/7-crimes-que-derrubam-a-tese-de-que-a-ditadura-so-perseguiu-terroristas/,Thais Reis Oliveira,Política
Exército envia ofício aos quartéis e mantém comemoração do golpe de 64,"
28 de março de 2019 ",https://www.cartacapital.com.br/politica/exercito-envia-oficio-aos-quarteis-e-mantem-comemoracao-ao-golpe-de-64/,Alexandre Putti,Política
"Atacado por Mourão, o salário mínimo do País é um dos menores do mundo","
27 de março de 2019 ",https://www.cartacapital.com.br/economia/atacado-por-mourao-o-salario-minimo-do-pais-e-um-dos-menores-do-mundo/,Redação,Economia
Uruguai demite cúpula militar após omissão sobre crime na ditadura,"
2 de abril de 2019 ",https://www.cartacapital.com.br/mundo/uruguai-demite-cupula-militar-apos-omissao-sobre-crime-na-ditadura/,Deutsche Welle,Mundo
Ministério Público: celebrar ditadura é crime de responsabilidade,"
26 de março de 2019 ",https://www.cartacapital.com.br/politica/para-o-mpf-celebracao-do-golpe-configura-crime-de-responsabilidade/,Thaís Chaves,Política
"“O Brasil, lamentavelmente, entrou no jogo eleitoral de Israel”","
2 de abril de 2019 ",https://www.cartacapital.com.br/mundo/o-brasil-lamentavelmente-entrou-no-jogo-eleitoral-de-israel/,René Ruschel,Mundo
Bolsonaro elogia militares da Ditadura e brada: “Esquerda nunca mais”,"
27 de fevereiro de 2019 ",https://www.cartacapital.com.br/politica/bolsonaro-elogia-militares-da-ditadura-e-brada-esquerda-nunca-mais/,Thaís Chaves,Política
Bolsonaro visita o Muro das Lamentações com Netanyahu,"
1 de abril de 2019 ",https://www.cartacapital.com.br/mundo/bolsonaro-visita-o-muro-das-lamentacoes-com-netanyahu/,RFI,Mundo
" Previdência de Bolsonaro produzirá massa miserável, avalia economista","
21 de fevereiro de 2019 ",https://www.cartacapital.com.br/politica/previdencia-de-bolsonaro-produzira-massa-miseravel-avalia-economista/,Thais Reis Oliveira,Política
Governo Trump reaviva clima de Guerra Fria contra Cuba,"
7 de março de 2019 ",https://www.cartacapital.com.br/mundo/governo-trump-reaviva-clima-de-guerra-fria-contra-cuba/,Deutsche Welle,Mundo
 O que faz do Brasil um dos países mais desiguais?,"
20 de fevereiro de 2019 ",https://www.cartacapital.com.br/sociedade/o-que-faz-do-brasil-um-dos-paises-mais-desiguais/,Deutsche Welle,Sociedade
Entenda todos os passos do conflito entre Maia e Moro,"
21 de março de 2019 ",https://www.cartacapital.com.br/politica/entenda-todos-os-passos-do-conflito-entre-maia-e-moro/,Alexandre Putti,Política
Bajulação e subserviência pautam a atual diplomacia brasileira,"
30 de março de 2019 ",https://www.cartacapital.com.br/politica/bajulacao-e-subserviencia-pautam-a-atual-diplomacia-brasileira/,Celso Amorim,Opinião
Operação policial combate exploração sexual de crianças na internet,"
28 de março de 2019 ",https://www.cartacapital.com.br/sociedade/operacao-policial-combate-exploracao-sexual-de-criancas-na-internet/,Agência Brasil,Sociedade
Bolsonaro promete “honrar” decisão militar de Trump na Venezuela,"
19 de março de 2019 ",https://www.cartacapital.com.br/politica/bolsonaro-promete-honrar-decisao-militar-de-trump-na-venezuela/,Alexandre Putti,Política
" Igreja destruiu arquivos sobre abuso sexual, admite cardeal","
24 de fevereiro de 2019 ",https://www.cartacapital.com.br/sociedade/igreja-destruiu-arquivos-sobre-abuso-sexual-admite-cardeal/,Deutsche Welle,Sociedade
Mortalidade infantil cresce 75% em 5 anos na Venezuela,"
4 de abril de 2019 ",https://www.cartacapital.com.br/mundo/mortalidade-infantil-cresce-75-em-5-anos-na-venezuela/,Alexandre Putti,Mundo
PF indicia Lula e filho em caso de empresa de marketing esportivo,"
21 de março de 2019 ",https://www.cartacapital.com.br/politica/pf-indicia-lula-e-filho-em-caso-de-empresa-de-marketing-esportivo/,Redação,Política
Juan Guaidó é banido de cargos públicos na Venezuela por 15 anos,"
28 de março de 2019 ",https://www.cartacapital.com.br/mundo/juan-guaido-e-banido-de-cargos-publicos-na-venezuela-por-15-anos/,Deutsche Welle,Mundo
Rússia: tropas ficarão na Venezuela “o tempo que for necessário”,"
28 de março de 2019 ",https://www.cartacapital.com.br/mundo/russia-tropas-ficarao-na-venezuela-o-tempo-que-for-necessario/,RFI,Mundo
Julgamento de prisão em 2ª instância é adiado por Dias Toffoli,"
4 de abril de 2019 ",https://www.cartacapital.com.br/justica/julgamento-de-prisao-em-2a-instancia-e-adiado-por-dias-toffoli/,Alexandre Putti,Justiça
Temer se torna réu por corrupção no caso da Eletronuclear,"
2 de abril de 2019 ",https://www.cartacapital.com.br/politica/michel-temer-se-torna-reu-na-forca-tarefa-da-lava-jato-do-rio/,Thais Reis Oliveira,Política
"Após gafe de Moro, “conge” ganha definição no Dicionário Informal","
4 de abril de 2019 ",https://www.cartacapital.com.br/politica/apos-gafe-de-moro-conge-ganha-definicao-no-dicionario-informal/,Redação,Política
Reforma da Previdência revela brechas que colocam STF contra a parede,"
27 de fevereiro de 2019 ",https://www.cartacapital.com.br/politica/reforma-da-previdencia-revela-brechas-que-colocam-stf-contra-a-parede/,Deutsche Welle,Política
"Corrupção não se combate violando regras, diz decisão que soltou Temer","
25 de março de 2019 ",https://www.cartacapital.com.br/politica/corrupcao-nao-se-combate-violando-regras-diz-decisao-que-soltou-temer/,Thais Reis Oliveira,Política
Quatro “cavalos de Troia” para ficar de olho no texto da Previdência,"
27 de fevereiro de 2019 ",https://www.cartacapital.com.br/politica/quatro-cavalos-de-troia-para-ficar-de-olho-no-texto-da-previdencia/,Thais Reis Oliveira,Política
Aliados de Bolsonaro defendem que não houve golpe no Brasil em 1964,"
27 de março de 2019 ",https://www.cartacapital.com.br/politica/witzel-e-ernesto-araujo-defendem-que-nao-houve-golpe-em-1964-no-brasil/,Thaís Chaves,Política
"Solto após habeas corpus, Michel Temer tem 62 milhões bloqueados","
25 de março de 2019 ",https://www.cartacapital.com.br/politica/solto-apos-habeas-corpus-temer-tem-62-milhoes-bloqueados/,Redação,Política
"“Não vamos aceitar”, diz deputado sobre capitalização de Guedes","
26 de fevereiro de 2019 ",https://www.cartacapital.com.br/politica/mauro-benevides-reforma-previdencia-capitalizacao/,Thais Reis Oliveira,Política
 5 pontos para entender a proposta de capitalização da Reforma,"
20 de fevereiro de 2019 ",https://www.cartacapital.com.br/politica/5-pontos-para-entender-a-proposta-de-capitalizacao-da-reforma/,Thais Reis Oliveira,Política
Justiça só vai julgar soltura de Temer e Moreira daqui a cinco dias,"
22 de março de 2019 ",https://www.cartacapital.com.br/politica/justica-so-vai-julgar-soltura-de-temer-e-moreira-daqui-a-cinco-dias/,Thais Reis Oliveira,Política
Paulo Preto assume contas na Suíça e minimiza suspeitas contra tucanos,"
2 de abril de 2019 ",https://www.cartacapital.com.br/politica/paulo-preto-assume-contas-na-suica-para-barrar-suspeita-contra-tucanos/,Alexandre Putti,Política
 Dobradinha Witzel-Bolsonaro preocupa os movimentos sociais do Rio,"
25 de fevereiro de 2019 ",https://www.cartacapital.com.br/politica/dobradinha-witzel-bolsonaro-preocupa-os-movimentos-sociais-do-rio/,Marina Souza,Política
"Glifosato, herbicida polêmico em todo o mundo","
30 de março de 2019 ",https://www.cartacapital.com.br/mundo/glifosato-herbicida-polemico-em-todo-o-mundo/,AFP,Mundo
 Incêndio em CT do Flamengo mata dez atletas da categoria de base,"
8 de fevereiro de 2019 ",https://www.cartacapital.com.br/sociedade/incendio-em-ct-do-flamengo-mata-dez-atletas-da-categoria-de-base/,Agência Brasil,Sociedade
 Freixo: “Investigação sobre morte de Marielle não nos convence”,"
19 de fevereiro de 2019 ",https://www.cartacapital.com.br/politica/freixo-a-pressao-de-1-ano-da-morte-de-marielle-solucionara-o-caso/,Thaís Chaves,Política
"Após derrota da Lava Jato, Lula tenta reverter condenação","
26 de março de 2019 ",https://www.cartacapital.com.br/justica/apos-derrota-da-lava-jato-lula-pode-conseguir-reverter-condenacao/,Alexandre Putti,Justiça
 Moro apresenta pacote anticrime,"
4 de fevereiro de 2019 ",https://www.cartacapital.com.br/justica/moro-apresenta-pacote-anticrime/,Deutsche Welle,Justiça
Mais uma derrota da Lava Jato: STF suspende acordo com a Petrobras,"
16 de março de 2019 ",https://www.cartacapital.com.br/justica/mais-uma-derrota-da-lava-jato-stf-suspende-acordo-com-a-petrobras/,Alexandre Putti,Justiça
Defesa de Lula pede que STJ anule condenação por tríplex,"
25 de março de 2019 ",https://www.cartacapital.com.br/politica/defesa-de-lula-pede-que-stj-anule-condenacao-por-triplex/?fbclid=IwAR21HHsxgvpH63RH7PJO2N5NfrV5a7d0bEwv8hEMfcBQ_Kfw231aQUMTDU4,Agência Brasil,Política
"Após polêmica, Lava Jato recua e pede suspensão de fundação bilionária","
12 de março de 2019 ",https://www.cartacapital.com.br/politica/apos-polemica-lava-jato-recua-e-pede-suspensao-de-fundacao-bilionaria/,Thais Reis Oliveira,Política
Lava Jato tem derrota no Supremo e caixa 2 fica com Justiça Eleitoral,"
14 de março de 2019 ",https://www.cartacapital.com.br/politica/lava-jato-tem-derrota-no-supremo-e-caixa-2-fica-com-justica-eleitoral/,Thais Reis Oliveira,Política
Intelectuais assinam carta contra comemoração pró-64 de Bolsonaro,"
29 de março de 2019 ",https://www.cartacapital.com.br/politica/intelectuais-assinam-carta-contra-comemoracao-pro-64-de-bolsonaro/,Redação,Política
Repressão à vigília Lula Livre: “Foi um ato de autoritarismo”,"
22 de março de 2019 ",https://www.cartacapital.com.br/politica/repressao-a-vigilia-lula-livre-foi-um-ato-de-autoritarismo/,René Ruschel,Política
Otan celebra 70 anos com sérias divisões internas,"
4 de abril de 2019 ",https://www.cartacapital.com.br/mundo/otan-celebra-70-anos-com-serias-divisoes-internas/,RFI,Mundo
"Esvaziar ou não a Lava Jato, eis a questão na pauta do STF","
13 de março de 2019 ",https://www.cartacapital.com.br/politica/esvaziar-ou-nao-a-lava-jato-eis-a-questao-na-pauta-do-stf/,Thais Reis Oliveira,Política
 Ruralistas apelam por imposto e atacam Bolsonaro (que recua),"
12 de fevereiro de 2019 ",https://www.cartacapital.com.br/politica/ruralistas-setor-leiteiro-bolsonaro-tarifa-antidumping/,Thais Reis Oliveira,Política
 Freixo: “Quem conhecia Bolsonaro sabia que ele não representava nada”,"
19 de fevereiro de 2019 ",https://www.cartacapital.com.br/politica/freixo-quem-conhecia-bolsonaro-sabia-que-ele-nao-representava-nada/,Thaís Chaves,Política
"“A ditadura saiu derrotada. O governo vai seguir esse caminho também?”, diz Amelinha Teles","
31 de março de 2019 ",https://www.cartacapital.com.br/sociedade/a-ditadura-saiu-derrotada-o-governo-vai-seguir-esse-caminho-tambem-diz-amelinha-teles/,Giovanna Galvani,Sociedade
Centro de Treinamento do Flamengo é interditado pela Prefeitura do Rio,"
27 de fevereiro de 2019 ",https://www.cartacapital.com.br/justica/centro-de-treinamento-do-flamengo-e-interditado-pela-prefeitura-do-rio/,Alexandre Putti,Justiça
 “O pacote ‘anticrime’ é a antítese de um projeto de segurança pública”,"
19 de fevereiro de 2019 ",https://www.cartacapital.com.br/justica/o-pacote-anticrime-e-a-antitese-de-um-projeto-de-seguranca-publica/,Brenno Tardelli,Justiça
Entenda as acusações da Lava Jato do Rio contra Michel Temer,"
21 de março de 2019 ",https://www.cartacapital.com.br/politica/entenda-as-acusacoes-da-lava-jato-do-rio-contra-michel-temer/,Thais Reis Oliveira,Política
Os pastores progressistas dispostos a discutir tabus,"
11 de março de 2019 ",https://www.cartacapital.com.br/sociedade/os-pastores-progressistas-dispostos-a-discutir-tabus/,René Ruschel,Sociedade
 Prefeitura do Rio mandou interditar CT do Flamengo em 2017,"
9 de fevereiro de 2019 ",https://www.cartacapital.com.br/sociedade/prefeitura-do-rio-mandou-interditar-ct-do-flamengo-em-2017/,Deutsche Welle,Sociedade
 Lava Jato prende Paulo Preto e faz buscas em endereço de Aloysio Nunes,"
19 de fevereiro de 2019 ",https://www.cartacapital.com.br/politica/lava-jato-prende-paulo-preto-e-faz-buscas-em-endereco-de-aloysio-nunes/,Redação,Política
 Governo confirma exoneração de Bebianno e anuncia substituto,"
18 de fevereiro de 2019 ",https://www.cartacapital.com.br/politica/governo-confirma-exoneracao-de-bebianno-e-anuncia-substituto/,Thais Reis Oliveira,Política
"“No Brasil, há uma tendência para encobrir escândalos sexuais”","
26 de fevereiro de 2019 ",https://www.cartacapital.com.br/sociedade/no-brasil-ha-uma-tendencia-para-encobrir-escandalos-sexuais/,RFI,Sociedade
 Parentes e amigos se dão bem no governo Bolsonaro,"
11 de fevereiro de 2019 ",https://www.cartacapital.com.br/politica/parentes-e-amigos-se-dao-bem-no-governo-bolsonaro/,André Barrocal,Política
"Otan é para países europeus, lembra chancelaria da França","
20 de março de 2019 ",https://www.cartacapital.com.br/mundo/otan-e-para-paises-europeus-lembra-chancelaria-da-franca/,AFP,Mundo
 Governo divulga vídeo em defesa do golpe militar de 1964,"
31 de março de 2019 ",https://www.cartacapital.com.br/politica/governo-divulga-video-em-defesa-golpe-militar-de-1964/,Thaís Chaves,Política
"“A educação vai ser vista sob a ótica de Deus”, diz Iolene Lima","
16 de março de 2019 ",https://www.cartacapital.com.br/politica/a-educacao-vai-ser-vista-sob-a-otica-de-deus-diz-iolene-lima/,Alexandre Putti,Política
O Brasil do regime militar idealizado por Bolsonaro,"
31 de março de 2019 ",https://www.cartacapital.com.br/politica/o-brasil-do-regime-militar-idealizado-por-bolsonaro/,Deutsche Welle,Política
" Quem é Gustavo Bebianno, a primeira (e perigosa) baixa de Bolsonaro","
16 de fevereiro de 2019 ",https://www.cartacapital.com.br/politica/quem-e-gustavo-bebianno-a-primeira-e-perigosa-baixa-de-bolsonaro/,Thais Reis Oliveira,Política
"ONU condena Código Penal do Brunei, que institui morte a pedradas","
3 de abril de 2019 ",https://www.cartacapital.com.br/mundo/onu-condena-codigo-penal-do-brunei-que-institui-morte-a-pedradas/,RFI,Mundo
 Filho de Bolsonaro lava roupa suja em público e acusa aliado do pai,"
13 de fevereiro de 2019 ",https://www.cartacapital.com.br/politica/carlos-bolsonaro-gustavo-bebianno/,Thais Reis Oliveira,Política
Guaidó retorna à Venezuela sob ameaça de prisão,"
4 de março de 2019 ",https://www.cartacapital.com.br/mundo/guaido-retorna-a-venezuela-sob-ameaca-de-prisao/,Deutsche Welle,Mundo
Os ataques recentes de Jair Bolsonaro à civilização em três atos,"
28 de março de 2019 ",https://www.cartacapital.com.br/politica/os-ataques-recentes-de-jair-bolsonaro-a-civilizacao-em-3-atos/,Carol Scorce,Política
"Fim de Theresa May está próximo, diz mídia","
24 de março de 2019 ",https://www.cartacapital.com.br/mundo/fim-de-theresa-may-esta-proximo-diz-midia/,Deutsche Welle,Mundo
" Para advogado, projeto ‘anticrime’ de Moro é populismo penal","
12 de fevereiro de 2019 ",https://www.cartacapital.com.br/sociedade/para-advogado-projeto-anticrime-de-moro-e-populismo-penal/,Rodrigo Martins,Justiça
Acordo do Brexit é rejeitado pela terceira vez,"
29 de março de 2019 ",https://www.cartacapital.com.br/mundo/acordo-do-brexit-e-rejeitado-pela-terceira-vez/,RFI,Mundo
 Eleição de Witzel no Rio uniu Flávio Bolsonaro e milícia denunciada,"
25 de janeiro de 2019 ",https://www.cartacapital.com.br/politica/eleicao-de-witzel-no-rio-uniu-flavio-bolsonaro-e-milicia-denunciada/,André Barrocal,Política
 O que você precisa saber sobre a votação do Brexit,"
15 de janeiro de 2019 ",https://www.cartacapital.com.br/mundo/o-que-voce-precisa-saber-sobre-a-votacao-do-brexit/,Deutsche Welle,Mundo
" 1º trimestre do governo Bolsonaro é uma bagunça, diz revista francesa","
24 de março de 2019 ",https://www.cartacapital.com.br/mundo/1o-trimestre-do-governo-bolsonaro-e-uma-bagunca-diz-revista-francesa/,RFI,Mundo
"Trump e Bolsonaro, uma química (quase) perfeita","
19 de março de 2019 ",https://www.cartacapital.com.br/politica/trump-e-bolsonaro-uma-quimica-quase-perfeita/,Deutsche Welle,Política
Ibope: Rejeição a Bolsonaro explode em periferias e grandes cidades,"
20 de março de 2019 ",https://www.cartacapital.com.br/politica/ibope-rejeicao-a-bolsonaro-explode-em-periferias-e-grandes-cidades/,Thais Reis Oliveira,Política
O giro ideológico internacional de Bolsonaro,"
18 de março de 2019 ",https://www.cartacapital.com.br/mundo/o-giro-ideologico-internacional-de-bolsonaro/,Deutsche Welle,Mundo
"Ibope: Desde a posse, aprovação de Bolsonaro cai 15 pontos percentuais","
20 de março de 2019 ",https://www.cartacapital.com.br/politica/ibope-desde-a-posse-aprovacao-de-bolsonaro-cai-15-ponto-percentuais/,Alexandre Putti,Política
"Às vésperas da eleição, Netanyahu briga até com a Mulher Maravilha","
13 de março de 2019 ",https://www.cartacapital.com.br/mundo/as-vesperas-da-eleicao-netanyahu-briga-ate-com-a-mulher-maravilha/,RFI,Mundo
"“Trump é racista, bandido e trapaceiro”, diz ex-advogado do presidente","
27 de fevereiro de 2019 ",https://www.cartacapital.com.br/mundo/trump-e-racista-bandido-e-trapaceiro-diz-ex-advogado-do-presidente/,RFI,Mundo
Primeiro-ministro de Israel será denunciado por corrupção,"
28 de fevereiro de 2019 ",https://www.cartacapital.com.br/mundo/primeiro-ministro-de-israel-sera-denunciado-por-corrupcao/,Deutsche Welle,Mundo
" Implacável crítica de Trump, Elizabeth Warren lança-se à Presidência","
17 de fevereiro de 2019 ",https://www.cartacapital.com.br/mundo/implacavel-critica-de-trump-elizabeth-warren-lanca-se-a-presidencia/,Tom McCarthy,Mundo
 Procuradora enfrenta Trump: “Não toleraremos este abuso de poder”,"
15 de fevereiro de 2019 ",https://www.cartacapital.com.br/mundo/procuradora-enfrenta-trump-nao-toleraremos-este-abuso-de-poder/,Giovanna Galvani,Mundo
Lava Jato: ONG bilionária com dinheiro da Petrobras é vista como “Estado paralelo”,"
9 de março de 2019 ",https://www.cartacapital.com.br/politica/lava-jato-ong-bilionaria-com-dinheiro-da-petrobras-e-vista-como-estado-paralelo/,Thais Reis Oliveira,Política
 Por que Bolsonaro se aproxima de Israel?,"
23 de janeiro de 2019 ",https://www.cartacapital.com.br/mundo/por-que-bolsonaro-se-aproxima-de-israel/,Agência Pública,Mundo
 Maduro aponta Trump como supremacista branco e reafirma legitimidade,"
12 de fevereiro de 2019 ",https://www.cartacapital.com.br/mundo/maduro-aponta-trump-como-supremacista-branco-e-reafirma-legitimidade/,Redação,Mundo
 As lições das tragédias que o Brasil é incapaz de aprender,"
24 de fevereiro de 2019 ",https://www.cartacapital.com.br/sociedade/as-licoes-das-tragedias-que-o-brasil-e-incapaz-de-aprender/,Rodrigo Martins,Sociedade
Chama atenção o silêncio dos militares diante do desmonte da Petrobras,"
25 de março de 2019 ",https://www.cartacapital.com.br/economia/chama-atencao-o-silencio-dos-militares-diante-do-desmonte-da-petrobras/,Carlos Drummond,Economia
"Quem é Roberto Capobianco, o novo “dono” do Parque do Ibirapuera","
13 de março de 2019 ",https://www.cartacapital.com.br/sociedade/quem-e-roberto-capobianco-dono-do-ibirapuera-e-preso-pela-lava-jato/,Thaís Chaves,Sociedade
 Bolsonaro na mira: Bebianno vai de “laranjeiro” a homem-bomba?,"
15 de fevereiro de 2019 ",https://www.cartacapital.com.br/politica/bolsonaro-na-mira-bebianno-vai-de-laranjeiro-a-homem-bomba/,André Barrocal,Política
Novo delegado assume investigações do caso Marielle,"
20 de março de 2019 ",https://www.cartacapital.com.br/politica/novo-delegado-assume-investigacoes-do-caso-marielle/,Agência Brasil,Política
 Mourão: um vice intrigante,"
4 de fevereiro de 2019 ",https://www.cartacapital.com.br/politica/mourao-um-vice-intrigante/,André Barrocal,Política
Caso Marielle: novo delegado manterá próximos passos em sigilo,"
25 de março de 2019 ",https://www.cartacapital.com.br/sociedade/caso-marielle-novo-delegado-mantera-proximos-passos-em-sigilo/,Agência Brasil,Sociedade
Bancos e restaurantes são incendiados em 18° protesto de “coletes amarelos” em Paris,"
16 de março de 2019 ",https://www.cartacapital.com.br/mundo/bancos-e-restaurantes-sao-incendiados-em-18-protesto-de-coletes-amarelos-em-paris/,RFI,Mundo
"Após prisões, delegado do caso Marielle será afastado","
13 de março de 2019 ",https://www.cartacapital.com.br/politica/apos-prisoes-delegado-do-caso-marielle-sera-afastado/,Redação,Política
Mulheres saem às ruas pelo mundo em atos de protesto e resistência,"
8 de março de 2019 ",https://www.cartacapital.com.br/sociedade/mulheres-saem-as-ruas-pelo-mundo-em-atos-de-protesto-e-resistencia/,Redação,Sociedade
 Investigações reais podem ser devastadoras para o Bolsonarismo,"
16 de janeiro de 2019 ",https://www.cartacapital.com.br/politica/investigacoes-reais-podem-ser-devastadoras-para-o-bolsonarismo/,André Barrocal,Política
"‘Questão mais urgente é quem mandou matar Marielle’, diz viúva","
12 de março de 2019 ",https://www.cartacapital.com.br/sociedade/questao-mais-urgente-e-quem-mandou-matar-marielle-diz-viuva/,Agência Brasil,Sociedade
"Suspeito de matar Marielle tinha ódio da esquerda, diz delegado","
12 de março de 2019 ",https://www.cartacapital.com.br/politica/suspeito-de-matar-marielle-tinha-odio-da-esquerda-diz-delegado/,Alexandre Putti,Política
"Freixo: ‘o caso não está resolvido, quem mandou matar Marielle?’","
12 de março de 2019 ",https://www.cartacapital.com.br/sociedade/freixo-o-caso-nao-esta-resolvido-quem-mandou-matar-marielle/,Alexandre Putti,Sociedade
Caixa 2: críticas à força-tarefa da Lava Jato marcam 1ª sessão no STF,"
13 de março de 2019 ",https://www.cartacapital.com.br/politica/caixa-2-criticas-a-forca-tarefa-da-lava-jato-marcam-1a-sessao-no-stf/,Thais Reis Oliveira,Política
TSE multa campanha de Haddad por notícias contra Bolsonaro,"
28 de março de 2019 ",https://www.cartacapital.com.br/politica/tse-multa-campanha-de-haddad-por-noticias-contra-bolsonaro/,Agência Brasil,Política
 Figuras públicas se solidarizam com Jean Wyllys,"
25 de janeiro de 2019 ",https://www.cartacapital.com.br/politica/figuras-publicas-se-solidarizam-com-jean-wyllys/,Redação,Política
Ação que acusava Haddad de corrupção passiva é arquivada,"
27 de fevereiro de 2019 ",https://www.cartacapital.com.br/justica/acao-que-acusava-haddad-de-corrupcao-passiva-e-arquivada/,Agência Brasil,Justiça
 Queiroz? Flávio Bolsonaro não diz se vai dar explicações ao MP,"
7 de janeiro de 2019 ",https://www.cartacapital.com.br/politica/queiroz-flavio-bolsonaro-nao-diz-se-vai-dar-explicacoes-ao-mp/,Redação,Justiça
Entenda as origens ideológicas do nazismo,"
29 de março de 2019 ",https://www.cartacapital.com.br/politica/entenda-as-origens-ideologicas-do-nazismo/,Deutsche Welle,Política
Mourão relaciona massacre a jogos de videogame: “Garotada viciada”,"
13 de março de 2019 ",https://www.cartacapital.com.br/sociedade/mourao-relaciona-massacre-a-jogos-de-videogame-garotada-viciada/,Thais Reis Oliveira,Sociedade
" Maduro diz estar disposto a negociar, mas descarta nova eleição","
30 de janeiro de 2019 ",https://www.cartacapital.com.br/mundo/maduro-diz-estar-disposto-a-negociar-mas-descarta-nova-eleicao/,Redação,Mundo
Resultado de nova cúpula entre Trump e Kim Jong-un é imprevisível,"
27 de fevereiro de 2019 ",https://www.cartacapital.com.br/mundo/resultado-de-nova-cupula-entre-trump-e-kim-jong-un-e-imprevisivel/,RFI,Mundo
 Crise na Venezuela opõe aliados e adversários internacionais de Maduro,"
24 de janeiro de 2019 ",https://www.cartacapital.com.br/mundo/crise-na-venezuela-opoe-aliados-e-adversarios-internacionais-de-maduro/,Deutsche Welle,Mundo
Mourão atribui vídeo pró-golpe a Bolsonaro: “decisão do presidente”,"
1 de abril de 2019 ",https://www.cartacapital.com.br/politica/mourao-atribui-video-pro-golpe-a-bolsonaro-decisao-do-presidente/,Redação,Política
"Discurso pró-arma é gatilho para tragédias como a de Suzano, dizem especialistas","
13 de março de 2019 ",https://www.cartacapital.com.br/sociedade/discurso-pro-arma-e-gatilho-para-tragedias-como-a-de-suzano-dizem-especialistas/,Thais Reis Oliveira,Sociedade
 Estados Unidos se recusam a tirar diplomatas da Venezuela,"
24 de janeiro de 2019 ",https://www.cartacapital.com.br/mundo/estados-unidos-se-recusam-a-tirar-diplomatas-da-venezuela/,Vinicius Segalla,Mundo
 “Coletes amarelos” acirram queda de braço com Macron,"
20 de janeiro de 2019 ",https://www.cartacapital.com.br/mundo/coletes-amarelos-acirram-queda-de-braco-com-macron/,Deutsche Welle,Mundo
" Com decreto, quatro em cada cinco brasileiros vão poder ter armas","
11 de janeiro de 2019 ",https://www.cartacapital.com.br/politica/com-decreto-quatro-em-cada-cinco-brasileiros-vao-poder-ter-armas/,Redação,Política
 Maduro pede apoio do povo e do Exército. Protestos tomam o país,"
23 de janeiro de 2019 ",https://www.cartacapital.com.br/politica/maduro-pede-apoio-do-povo-e-do-exercito-protestos-tomam-o-pais/,Vinicius Segalla,Mundo
 Mourão: “Brasil não vai participar de intervenção na Venezuela”‘,"
23 de janeiro de 2019 ",https://www.cartacapital.com.br/politica/brasil-nao-vai-participar-de-intervencao-na-venezuela-diz-mourao/,Vinicius Segalla,Política
 61% dos brasileiros desejam que posse de armas seja proibida,"
1 de janeiro de 2019 ",https://www.cartacapital.com.br/politica/61-dos-brasileiros-desejam-que-posse-de-armas-seja-proibida/,Deutsche Welle,Política
" Com Bolsonaro, Brasil aposta no militarismo e expõe face obscurantista","
1 de janeiro de 2019 ",https://www.cartacapital.com.br/politica/com-bolsonaro-brasil-aposta-no-militarismo-e-expoe-face-obscurantista/,Redação,Política
 Coreia do Norte pede ajuda para enfrentar crise alimentar,"
22 de fevereiro de 2019 ",https://www.cartacapital.com.br/mundo/coreia-do-norte-pede-ajuda-por-escassez-de-alimentos/,Renata Ribeiro,Mundo
 Maduro pede apoio do povo e do Exército. Protestos tomam o país,"
23 de janeiro de 2019 ",https://www.cartacapital.com.br/mundo/maduro-pede-apoio-do-povo-e-do-exercito-protestos-tomam-o-pais/,Vinicius Segalla,Mundo
 Mujica defende eleições totais na Venezuela,"
29 de janeiro de 2019 ",https://www.cartacapital.com.br/mundo/mujica-defende-eleicoes-totais-na-venezuela/,AFP,Mundo
Bolsonaro nega demissão de Ricardo Vélez. Mas por quanto tempo?,"
28 de março de 2019 ",https://www.cartacapital.com.br/politica/bolsonaro-nega-demissao-de-ricardo-velez-mas-por-quanto-tempo/,Redação,Política
" Disputadas, Forças Armadas podem decidir crise venezuelana","
28 de janeiro de 2019 ",https://www.cartacapital.com.br/mundo/disputada-pelos-dois-lados-forcas-armadas-podem-decidir-crise-venezuelana/,Deutsche Welle,Mundo
"Na Fiesp, Mourão ataca BPC: “Com mínimo aos 65, para que contribuir?”","
26 de março de 2019 ",https://www.cartacapital.com.br/politica/mourao-critica-bpc-se-tem-minimo-aos-65-para-que-contribuir/,Thais Reis Oliveira,Política
 Entenda como a crise na Venezuela chegou aos seus piores dias,"
24 de janeiro de 2019 ",https://www.cartacapital.com.br/mundo/entenda-como-a-crise-na-venezuela-chegou-aos-seus-piores-dias/,Thais Reis Oliveira,Mundo
Entenda como a reforma da Previdência aprofunda as desigualdades,"
25 de março de 2019 ",https://www.cartacapital.com.br/economia/entenda-como-a-reforma-da-previdencia-aprofunda-as-desigualdades/,Eduardo Fagnani,Economia
 Parlamento da Venezuela declara ilegítimo novo mandato de Maduro,"
6 de janeiro de 2019 ",https://www.cartacapital.com.br/mundo/parlamento-da-venezuela-declara-ilegitimo-novo-mandato-de-maduro/,Deutsche Welle,Mundo
"“Reforma de Bolsonaro é bem pior que a de Temer”, diz presidente da CUT","
22 de março de 2019 ",https://www.cartacapital.com.br/politica/reforma-de-bolsonaro-e-bem-pior-que-a-de-temer-diz-presidente/,Rodrigo Martins,Política
 Grupo de Lima não vai reconhecer novo mandato de Maduro,"
5 de janeiro de 2019 ",https://www.cartacapital.com.br/mundo/grupo-de-lima-nao-vai-reconhecer-novo-mandato-de-maduro-na-venezuela/,Deutsche Welle,Mundo
"Em resort nos EUA, Eduardo Bolsonaro ordena: “construam o muro”","
25 de fevereiro de 2019 ",https://www.cartacapital.com.br/politica/direto-de-resort-nos-eua-eduardo-bolsonaro-defende-construam-o-muro/,Alexandre Putti,Política
 Cesare Battisti é preso na Bolívia e será extraditado para a Itália,"
13 de janeiro de 2019 ",https://www.cartacapital.com.br/mundo/cesare-battisti-e-preso-na-bolivia-e-sera-extraditado-para-a-italia/,Deutsche Welle,Mundo
 Irã: os fatos que precederam a Revolução Islâmica,"
10 de fevereiro de 2019 ",https://www.cartacapital.com.br/mundo/ira-os-fatos-que-precederam-a-revolucao-islamica/,Deutsche Welle,Mundo
"Battisti admite autoria de assassinatos na Itália, dizem jornais","
25 de março de 2019 ",https://www.cartacapital.com.br/mundo/battisti-admite-autoria-de-assassinatos-na-italia-dizem-jornais/,Redação,Mundo
 Mino Carta: Ignorância e incompetência,"
21 de janeiro de 2019 ",https://www.cartacapital.com.br/politica/mino-carta-ignorancia-e-incompetencia/,Mino Carta,Política
 Cesare Battisti é extraditado da Bolívia para a Itália,"
14 de janeiro de 2019 ",https://www.cartacapital.com.br/mundo/cesare-battisti-extraditado-da-bolivia-para-a-italia/,Deutsche Welle,Mundo
 Bolsonaro recebe alta após 17 dias e terá muito a resolver em Brasília,"
13 de fevereiro de 2019 ",https://www.cartacapital.com.br/politica/bolsonaro-alta-hospital-albert-einstein-17-dias/,Thais Reis Oliveira,Política
"A nove dias do Brexit, Theresa May pede adiamento","
20 de março de 2019 ",https://www.cartacapital.com.br/mundo/a-nove-dias-do-brexit-theresa-may-pede-adiamento/,Deutsche Welle,Mundo
" Internado há 11 dias, Bolsonaro é diagnosticado com pneumonia","
7 de fevereiro de 2019 ",https://www.cartacapital.com.br/politica/internado-ha-11-dias-bolsonaro-e-diagnosticado-com-pneumonia/,Deutsche Welle,Política
PGR vai investigar Dallagnol e procuradores envolvidos em fundação,"
14 de março de 2019 ",https://www.cartacapital.com.br/politica/pgr-vai-investigar-dallagnol-e-procuradores-envolvidos-em-fundacao/,Thais Reis Oliveira,Política
 O que tem de verdade na “Facada no Mito”?,"
26 de janeiro de 2019 ",https://www.cartacapital.com.br/politica/a-faca-de-dois-gumes/,Fred Melo Paiva,Política
As mentiras espalhadas por Bolsonaro que o próprio governo desmentiu,"
1 de abril de 2019 ",https://www.cartacapital.com.br/politica/as-mentiras-espalhadas-por-bolsonaro-que-o-proprio-governo-desmentiu/,Marina Souza,Política
 O perdão bilionário que Bolsonaro quer dar ao agronegócio,"
7 de fevereiro de 2019 ",https://www.cartacapital.com.br/economia/o-perdao-bilionario-que-bolsonaro-quer-dar-ao-agronegocio/,Deutsche Welle,Economia
 Cuba denuncia ação militar dos EUA mirando a Venezuela,"
14 de fevereiro de 2019 ",https://www.cartacapital.com.br/mundo/cuba-denuncia-acao-militar-dos-eua-mirando-a-venezuela/,Deutsche Welle,Mundo
Itália lança versão do Bolsa Família,"
7 de março de 2019 ",https://www.cartacapital.com.br/politica/italia-lanca-versao-do-bolsa-familia/,Deutsche Welle,Política
O que você precisa saber sobre a “fundação” da Lava Jato,"
12 de março de 2019 ",https://www.cartacapital.com.br/justica/o-que-voce-precisa-saber-sobre-a-fundacao-da-lava-jato/,Brenno Tardelli e Igor Leone,Opinião
 Cúpula no Uruguai apoia solução interna para a Venezuela,"
8 de fevereiro de 2019 ",https://www.cartacapital.com.br/politica/uruguai-mecanismo-solucao-crise-venezuela/,Deutsche Welle,Mundo
" “O tempo joga contra Maduro”, afirma Juan Guaidó","
13 de fevereiro de 2019 ",https://www.cartacapital.com.br/mundo/o-tempo-joga-contra-maduro-afirma-juan-guaido/,Deutsche Welle,Mundo
" Na Venezuela, a solidariedade é medida em barris de petróleo","
10 de fevereiro de 2019 ",https://www.cartacapital.com.br/mundo/na-venezuela-a-solidariedade-e-medida-em-barris-de-petroleo/,Gilberto Maringoni,Mundo
" Com dissidência de militares, Maduro pode estar com dias contados","
11 de fevereiro de 2019 ",https://www.cartacapital.com.br/mundo/dissidencia-militares-maduro-venezuela-dias-contados/,RFI,Mundo
 Europeus reconhecem em peso Guaidó como presidente da Venezuela,"
4 de fevereiro de 2019 ",https://www.cartacapital.com.br/mundo/europeus-reconhecem-em-peso-guaido-como-presidente-da-venezuela/,Deutsche Welle,Mundo
 Trump anuncia novo encontro com líder da Coreia do Norte,"
6 de fevereiro de 2019 ",https://www.cartacapital.com.br/mundo/trump-anuncia-novo-encontro-com-lider-da-coreia-do-norte/,Deutsche Welle,Mundo
 General venezuelano reconhece Guaidó como presidente do país,"
2 de fevereiro de 2019 ",https://www.cartacapital.com.br/mundo/general-venezuelano-reconhece-guaido-como-presidente-do-pais/,Deutsche Welle,Mundo
 “Maduro se recusou a enxergar a realidade”,"
2 de fevereiro de 2019 ",https://www.cartacapital.com.br/mundo/maduro-se-recusou-a-enxergar-a-realidade/,Deutsche Welle,Mundo
Trump e Kim discordam sobre sanções e acordo nuclear fracassa,"
28 de fevereiro de 2019 ",https://www.cartacapital.com.br/mundo/trump-e-kim-discordam-sobre-sancoes-e-acordo-nuclear-fracassa/,Deutsche Welle,Mundo
Venezuela propõe na ONU reunião entre Trump e Maduro,"
27 de fevereiro de 2019 ",https://www.cartacapital.com.br/mundo/venezuela-propoe-na-onu-reuniao-entre-trump-e-maduro/,Redação,Mundo
 Chefe do Legislativo da Venezuela pede apoio para assumir presidência,"
12 de janeiro de 2019 ",https://www.cartacapital.com.br/mundo/chefe-do-legislativo-da-venezuela-pede-apoio-para-assumir-presidencia/,Deutsche Welle,Mundo
Vaticano abrirá arquivos secretos sobre pontificado de Pio XII,"
5 de março de 2019 ",https://www.cartacapital.com.br/mundo/vaticano-abrira-arquivos-secretos-sobre-pontificado-de-pio-xii/,Deutsche Welle,Mundo
 Mourão: fechamento da fronteira na Venezuela “não é ato de agressão”,"
22 de fevereiro de 2019 ",https://www.cartacapital.com.br/mundo/mourao-fechamento-da-fronteira-na-venezuela-nao-e-ato-de-agressao/,RFI,Mundo
 Miséria e incertezas marcam novo mandato de Maduro na Venezuela,"
9 de janeiro de 2019 ",https://www.cartacapital.com.br/mundo/miseria-e-incertezas-marcam-novo-mandato-de-maduro-na-venezuela/,"Elianah Jorge, correspondente da RFI Brasil na Venezuela",Mundo
" Confronto na fronteira da Venezuela deixa 2 mortos, diz oposição","
22 de fevereiro de 2019 ",https://www.cartacapital.com.br/mundo/confronto-na-fronteira-da-venezuela-deixa-2-mortos-diz-oposicao/,Giovanna Galvani,Mundo
" Decreto de Mourão que muda Lei de Acesso é ilegal, diz procuradoria","
13 de fevereiro de 2019 ",https://www.cartacapital.com.br/politica/decreto-de-mourao-que-muda-lei-de-acesso-e-ilegal-diz-procuradoria/,Thais Reis Oliveira,Política
 Crise humanitária na Venezuela acende alerta para surto de doenças,"
24 de fevereiro de 2019 ",https://www.cartacapital.com.br/mundo/crise-humanitaria-na-venezuela-acende-alerta-para-surto-de-doencas/,Deutsche Welle,Mundo
" “Nossa ação é pacífica, mas firme”, diz Juan Guaidó","
23 de fevereiro de 2019 ",https://www.cartacapital.com.br/mundo/nossa-acao-e-pacifica-mas-firme-diz-juan-guaido/,Redação,Mundo
" Brumadinho: Depois da lama, as doenças","
6 de fevereiro de 2019 ",https://www.cartacapital.com.br/sociedade/brumadinho-depois-da-lama-as-doencas/,Deutsche Welle,Sociedade
 Canetadas de Mourão e Heleno atacam o republicanismo da Lei de Acesso,"
7 de fevereiro de 2019 ",https://www.cartacapital.com.br/politica/canetadas-de-mourao-e-heleno-atacam-o-republicanismo-da-lei-de-acesso/,Thais Reis Oliveira,Política
 Guaidó testa força de Maduro em “Dia D” para a Venezuela,"
23 de fevereiro de 2019 ",https://www.cartacapital.com.br/mundo/guaido-testa-forca-de-maduro-em-dia-d-para-a-venezuela/,Redação,Mundo
 Venezuela em suspense com entrada de ajuda humanitária,"
23 de fevereiro de 2019 ",https://www.cartacapital.com.br/mundo/venezuela-em-suspense-com-ajuda-humanitaria-dos-eua/,Deutsche Welle,Mundo
"“Só há democracia se as Forças Armadas quiserem”, diz Bolsonaro","
7 de março de 2019 ",https://www.cartacapital.com.br/politica/bolsonaro-so-ha-democracia-se-as-forcas-armadas-quiserem/,Alexandre Putti,Política
" Água tóxica: Após tragédia em Brumadinho, rio apresenta risco à saúde","
31 de janeiro de 2019 ",https://www.cartacapital.com.br/sociedade/agua-toxica-apos-tragedia-em-brumadinho-rio-apresenta-risco-a-saude/,Deutsche Welle,Sociedade
 As catástrofes humanitárias esquecidas do planeta,"
20 de fevereiro de 2019 ",https://www.cartacapital.com.br/mundo/as-catastrofes-humanitarias-esquecidas-do-planeta/,Deutsche Welle,Mundo
 Concertos rivais refletem disputa de poder na fronteira da Venezuela,"
22 de fevereiro de 2019 ",https://www.cartacapital.com.br/mundo/concertos-rivais-refletem-disputa-de-poder-na-fronteira-da-venezuela/,Deutsche Welle,Mundo
 “Ajuda humanitária” do Brasil alimenta barril de pólvora na Venezuela,"
21 de fevereiro de 2019 ",https://www.cartacapital.com.br/mundo/ajuda-humanitaria-do-brasil-alimenta-barril-de-polvora-na-venezuela/,André Barrocal,Mundo
" Para o advogado da Vale, empresa não tem responsabilidade por Brumadinho","
28 de janeiro de 2019 ",https://www.cartacapital.com.br/sociedade/para-o-advogado-da-vale-empresa-nao-tem-responsabilidade-por-brumadinho/,Thaís Chaves,Sociedade
" Para Vale, investir em segurança ‘custa mais que multa’, diz especialista","
30 de janeiro de 2019 ",https://www.cartacapital.com.br/sociedade/investir-em-seguranca-custaria-mais-que-multa-segundo-especialista/,Thaís Chaves,Sociedade
 Exército da Venezuela reafirma “lealdade irrestrita” a Maduro,"
19 de fevereiro de 2019 ",https://www.cartacapital.com.br/mundo/exercito-da-venezuela-reafirma-lealdade-irrestrita-a-maduro/,RFI,Mundo
 Venezuela vive semana crucial com ações de Guaidó e Maduro,"
18 de fevereiro de 2019 ",https://www.cartacapital.com.br/mundo/venezuela-vive-semana-crucial-com-acoes-de-guaido-e-maduro/,Giovanna Galvani,Mundo
 Trump dá ultimato a militares venezuelanos,"
19 de fevereiro de 2019 ",https://www.cartacapital.com.br/mundo/trump-da-ultimato-a-militares-venezuelanos/,Deutsche Welle,Mundo
 As leis sócio-ambientais afrouxadas foram outra barragem destruída,"
28 de janeiro de 2019 ",https://www.cartacapital.com.br/justica/as-leis-socio-ambientais-afrouxadas-foram-outra-barragem-destruida/,Marina Caixeta Braga,Justiça
"Brumadinho: 60 mortos, 192 feridos e 292 desaparecidos","
28 de janeiro de 2019 ",https://www.cartacapital.com.br/sociedade/brumadinho-60-mortos-192-feridos-e-292-desaparecidos/,Redação,Sociedade
 Brumadinho: há poucas chances de sobreviventes. Cinco são presos,"
29 de janeiro de 2019 ",https://www.cartacapital.com.br/politica/ha-poucas-chances-de-sobreviventes-cinco-sao-presos/,Thais Reis Oliveira,Política
 É preciso responsabilizar a Vale onde mais a atinge: no bolso,"
28 de janeiro de 2019 ",https://www.cartacapital.com.br/justica/e-preciso-responsabilizar-a-vale-onde-mais-a-importa-no-bolso/,Fernando Hideo Lacerda,Justiça
 O papa descarta mediar crise na Venezuela,"
13 de fevereiro de 2019 ",https://www.cartacapital.com.br/mundo/o-papa-descarta-mediar-crise-na-venezuela/,RFI,Mundo
 “O sistema de saúde na Venezuela está praticamente em colapso”,"
23 de fevereiro de 2019 ",https://www.cartacapital.com.br/mundo/o-sistema-de-saude-na-venezuela-esta-praticamente-em-colapso/,Deutsche Welle,Mundo
Os altos riscos de uma intervenção militar na Venezuela,"
27 de fevereiro de 2019 ",https://www.cartacapital.com.br/mundo/os-altos-riscos-de-uma-intervencao-militar-na-venezuela/,Deutsche Welle,Mundo
Ativistas denunciam drama dos animais tragados pela lama em Brumadinho,"
28 de janeiro de 2019 ",https://www.cartacapital.com.br/politica/ativistas-denunciam-drama-dos-animais-tragados-pela-lama-em-brumadinho/,Thais Reis Oliveira,Política
 Maduro ataca Trump e rompe com a Colômbia,"
23 de fevereiro de 2019 ",https://www.cartacapital.com.br/mundo/maduro-fala-duro-contra-trump-e-corta-relacoes-com-a-colombia/,Redação,Mundo
 Ações da Vale nos EUA caem 10 % após rompimento de barragem,"
25 de janeiro de 2019 ",https://www.cartacapital.com.br/economia/acoes-da-vale-nos-eua-caem-10-apos-rompimento-de-barragem/,Agência Brasil,Economia
"Em dois dias, mais de 170 militares venezuelanos desertaram","
25 de fevereiro de 2019 ",https://www.cartacapital.com.br/mundo/em-dois-dias-mais-de-170-militares-venezuelanos-desertaram/,Deutsche Welle,Mundo
Vale é multada em 30 milhões de reais e tem base interditada no Rio,"
11 de março de 2019 ",https://www.cartacapital.com.br/sociedade/vale-e-multada-em-30-milhoes-de-reais-e-tem-base-interditada-no-rio/,Agência Brasil,Sociedade
 Militares venezuelanos desertam e pedem refúgio no Brasil,"
24 de fevereiro de 2019 ",https://www.cartacapital.com.br/mundo/militares-venezuelanos-desertam-e-pedem-refugio-no-brasil/,Deutsche Welle,Mundo
Presidente da Vale deixa comando da empresa,"
3 de março de 2019 ",https://www.cartacapital.com.br/sociedade/presidente-da-vale-deixa-comando-da-empresa/,Redação,Sociedade
 Oito funcionários da Vale são detidos em investigação de Brumadinho,"
15 de fevereiro de 2019 ",https://www.cartacapital.com.br/sociedade/oito-funcionarios-da-vale-sao-detidos-em-investigacao-de-brumadinho/,Deutsche Welle,Sociedade
Crise na Venezuela expõe divisão entre militares e olavismo,"
25 de fevereiro de 2019 ",https://www.cartacapital.com.br/mundo/crise-na-venezuela-expoe-divisao-entre-militares-e-olavismo/,Deutsche Welle,Mundo
 Vale estimou custo e número de mortes caso barragem se rompesse,"
13 de fevereiro de 2019 ",https://www.cartacapital.com.br/sociedade/vale-estimou-custo-e-numero-de-mortes-caso-barragem-se-rompesse/,Deutsche Welle,Sociedade
 Corrida por boom das commodities gerou minas mais inseguras no Brasil,"
31 de janeiro de 2019 ",https://www.cartacapital.com.br/economia/corrida-por-boom-das-commodities-gerou-minas-mais-inseguras-no/,RFI,Economia
 Vale diz que vai pagar indenizações extrajudiciais a vítimas,"
1 de fevereiro de 2019 ",https://www.cartacapital.com.br/sociedade/vale-diz-que-vai-pagar-indenizacoes-extrajudiciais-a-vitimas/,Deutsche Welle,Sociedade
 Abin teve que desmentir boato sobre ‘terroristas comunistas’ em Brumadinho,"
28 de janeiro de 2019 ",https://www.cartacapital.com.br/politica/abin-teve-que-desmentir-boato-sobre-terroristas-comunistas-em-brumadinho/,Redação,Política
 Sobe para 99 o número de mortos e há 259 desaparecidos em Brumadinho,"
30 de janeiro de 2019 ",https://www.cartacapital.com.br/sociedade/sobe-para-99-o-numero-de-mortos-e-ha-259-desaparecidos-em-brumadinho/,Vinicius Segalla,Sociedade
 Rússia acusa EUA de usar ajuda humanitária para derrubar Maduro,"
22 de fevereiro de 2019 ",https://www.cartacapital.com.br/mundo/russia-acusa-eua-de-usar-ajuda-humanitaria-para-derrubar-maduro/,RFI,Mundo
 Fakes pró-Bolsonaro espalham desinformação disfarçada de paródia,"
8 de janeiro de 2019 ",https://www.cartacapital.com.br/politica/fakes-pro-bolsonaro-espalham-desinformacao-disfarcada-de-parodia/,Thais Reis Oliveira,Política
 Governo Bolsonaro flexibiliza regras sobre sigilo de dados oficiais,"
24 de janeiro de 2019 ",https://www.cartacapital.com.br/politica/governo-bolsonaro-flexibiliza-regras-sobre-sigilo-de-dados-oficiais/,Thais Reis Oliveira,Política
 “A Venezuela sempre fracassou em lidar com o petróleo”,"
21 de fevereiro de 2019 ",https://www.cartacapital.com.br/mundo/a-venezuela-sempre-fracassou-em-lidar-com-o-petroleo/,Deutsche Welle,Mundo
 Barragem em Barão de Cocais (MG) entra em alerta máximo de rompimento,"
23 de março de 2019 ",https://www.cartacapital.com.br/sociedade/barragem-em-barao-de-cocais-mg-entra-em-alerta-maximo-de-rompimento/,Redação,Sociedade
 Desastre em Brumadinho mata três e fere centenas. Veja vídeos,"
25 de janeiro de 2019 ",https://www.cartacapital.com.br/sociedade/lama-em-brumadinho-destruiu-casas-carros-e-pontes-veja-videos/,Vinicius Segalla,Sociedade
 Antipresidente: o passo torto de Bolsonaro em 7 dias de governo,"
7 de janeiro de 2019 ",https://www.cartacapital.com.br/politica/primeira-semana-bolsonaro-presidente/,Redação,Política
" Brumadinho, 1 mês: “Vou lutar até o fim dos dias por justiça”","
25 de fevereiro de 2019 ",https://www.cartacapital.com.br/sociedade/um-mes-depois-da-tragedia-brumadinho-ainda-tem-vitimas-sob-a-lama/,Deutsche Welle,Sociedade
 Posse de Bolsonaro é marcada por mal-estar com jornalistas,"
1 de janeiro de 2019 ",https://www.cartacapital.com.br/politica/posse-de-bolsonaro-e-marcada-por-mal-estar-com-jornalistas/,RFI,Política
Coreia do Norte está reconstruindo base de lançamento de mísseis,"
6 de março de 2019 ",https://www.cartacapital.com.br/mundo/coreia-do-norte-esta-reconstruindo-base-de-lancamento-de-misseis/,Deutsche Welle,Mundo
 Colômbia tem o atentado mais letal desde 2006,"
18 de janeiro de 2019 ",https://www.cartacapital.com.br/mundo/colombia-tem-o-atentado-mais-letal-desde-2006/,Deutsche Welle,Mundo
 Maduro ordena fechamento da fronteira venezuelana com o Brasil,"
21 de fevereiro de 2019 ",https://www.cartacapital.com.br/mundo/maduro-ordena-fechamento-da-fronteira-venezuelana-com-o-brasil/,Redação,Mundo
 Bolsonaro transfere Coaf para Ministério da Justiça,"
2 de janeiro de 2019 ",https://www.cartacapital.com.br/politica/bolsonaro-transfere-coaf-para-ministerio-da-justica/,Redação,Política
 Cinco medidas em que o governo Bolsonaro já mostra a que veio,"
2 de janeiro de 2019 ",https://www.cartacapital.com.br/politica/cinco-medidas-em-que-o-governo-bolsonaro-ja-mostra-a-que-veio/,Vinicius Segalla,Política
" Empossado, Bolsonaro promete libertar o País de “submissão ideológica”","
1 de janeiro de 2019 ",https://www.cartacapital.com.br/politica/empossado-bolsonaro-promete-libertar-o-pais-de-submissao-ideologica/,Redação,Política
"Em manifesto, atirador da Nova Zelândia defende a supremacia branca","
15 de março de 2019 ",https://www.cartacapital.com.br/mundo/em-manifesto-atirador-da-nova-zelandia-defende-a-supremacia-branca/,Redação,Mundo
 Depósitos suspeitos elevam a pressão sobre a família Bolsonaro,"
19 de janeiro de 2019 ",https://www.cartacapital.com.br/politica/depositos-suspeitos-elevam-a-pressao-sobre-a-familia-bolsonaro/,Deutsche Welle,Política
Nova Zelândia proíbe armas semiautomáticas de estilo militar,"
21 de março de 2019 ",https://www.cartacapital.com.br/mundo/nova-zelandia-proibe-armas-semiautomaticas-de-estilo-militar/,Deutsche Welle,Mundo
Os massacres de Christchurch e Suzano e o lado obscuro da internet,"
16 de março de 2019 ",https://www.cartacapital.com.br/sociedade/os-massacres-de-christchurch-e-suzano-e-o-lado-obscuro-da-internet/,Deutsche Welle,Sociedade
" Donald Trump, o fim do globalismo e a crise na Venezuela","
12 de fevereiro de 2019 ",https://www.cartacapital.com.br/mundo/donald-trump-o-fim-do-globalismo-e-a-crise-na-venezuela/,Pedro Paulo Zahluth Bastos,Mundo
"Após massacre, premiê da Nova Zelândia promete mudar leis de armas","
16 de março de 2019 ",https://www.cartacapital.com.br/mundo/apos-massacre-premie-da-nova-zelandia-promete-mudar-leis-de-armas/,Deutsche Welle,Mundo
Ataques a tiros em mesquitas deixam 49 mortos na Nova Zelândia,"
15 de março de 2019 ",https://www.cartacapital.com.br/mundo/ataques-a-tiros-em-mesquitas-deixam-49-mortos-na-nova-zelandia/,Deutsche Welle,Mundo
Massacre de Suzano é o oitavo em escolas do Brasil desde 2002,"
13 de março de 2019 ",https://www.cartacapital.com.br/sociedade/massacre-de-suzano-e-o-oitavo-em-escolas-do-brasil-desde-2002/,Ana Luiza Basilio,Sociedade
 Onde Bolsonaro será testado,"
1 de janeiro de 2019 ",https://www.cartacapital.com.br/politica/onde-bolsonaro-sera-testado/,Deutsche Welle,Política
"“Não vou dizer que Deus é maconheiro. Mas ele é cannabista”, diz padre","
17 de março de 2019 ",https://www.cartacapital.com.br/sociedade/nao-vou-dizer-que-deus-e-maconheiro-mas-ele-e-cannabista-diz-padre/,Carol Scorce,Sociedade
Deputado propõe atrelar matrícula em universidade a exame toxicológico,"
27 de março de 2019 ",https://www.cartacapital.com.br/politica/deputado-propoe-atrelar-matricula-em-universidade-a-exame-toxicologico/,Ana Luiza Basilio,Política
 Qual o futuro do multilateralismo?,"
18 de fevereiro de 2019 ",https://www.cartacapital.com.br/mundo/qual-o-futuro-do-multilateralismo/,Deutsche Welle,Mundo
 A cultura de violência no trote universitário,"
9 de fevereiro de 2019 ",https://www.cartacapital.com.br/sociedade/a-cultura-de-violencia-no-trote-universitario/,Deutsche Welle,Sociedade
Doria é condenado por apagar mural de grafite inaugurado por Haddad,"
26 de fevereiro de 2019 ",https://www.cartacapital.com.br/politica/doria-e-condenado-por-apagar-mural-de-grafite-inaugurado-por-haddad/,Thais Reis Oliveira,Política
Doria recua e devolverá 21 mi a projeto que ensina música a crianças,"
1 de abril de 2019 ",https://www.cartacapital.com.br/politica/doria-recua-e-devolvera-21-mi-a-projeto-que-ensina-musica-a-criancas/,Thais Reis Oliveira,Política
"“Feminismo negro não exclui, amplia”, diz Djamila Ribeiro","
19 de março de 2019 ",https://www.cartacapital.com.br/sociedade/feminismo-negro-nao-exclui-amplia-diz-djamila-ribeiro/,RFI,Sociedade
 “É pouco provável que o PCC reaja com a mesma violência de 2006”,"
15 de fevereiro de 2019 ",https://www.cartacapital.com.br/politica/e-pouco-provavel-que-o-pcc-reaja-com-a-mesma-violencia-de-2006/,Thais Reis Oliveira,Política
Devemos nos inspirar na resistência da mulher palestina,"
12 de março de 2019 ",https://www.cartacapital.com.br/mundo/devemos-nos-inspirar-na-resistencia-da-mulher-palestina/,SORAYA MISLEH,Mundo
 Moro se apropria da transferência de líderes do PCC para mostrar força,"
14 de fevereiro de 2019 ",https://www.cartacapital.com.br/politica/moro-se-apropria-de-transferencia-de-lideres-do-pcc-para-mostrar-forca/,Thais Reis Oliveira,Política
" Bolsonaro, Netanyahu e o sionismo na cadeira do Planalto","
10 de janeiro de 2019 ",https://www.cartacapital.com.br/justica/bolsonaro-netanyahu-e-o-sionismo-na-cadeira-do-planalto/,Soraya Misleh,Justiça
 “Acordo” com o PCC ou cada um com a facção que merece,"
11 de janeiro de 2019 ",https://www.cartacapital.com.br/justica/acordo-com-o-pcc-ou-cada-um-com-a-faccao-que-merece/,Luis Carlos Valois,Justiça
 Ação contra líderes do PCC inaugura dobradinha BolsoDoria,"
14 de fevereiro de 2019 ",https://www.cartacapital.com.br/politica/acao-contra-lideres-do-pcc-inaugura-dobradinha-bolsodoria/,Thais Reis Oliveira,Política
O que são as Colinas de Golã e qual a sua importância?,"
22 de março de 2019 ",https://www.cartacapital.com.br/mundo/o-que-sao-as-colinas-de-gola-e-qual-a-sua-importancia/,Deutsche Welle,Mundo
 Bolsonaro começa a aplicar sua própria agenda ideológica,"
4 de janeiro de 2019 ",https://www.cartacapital.com.br/politica/bolsonaro-comeca-a-aplicar-sua-propria-agenda-ideologica/,Deutsche Welle,Política
"Extrema-direita, feminismo, trabalho: o que pensa a nova esquerda?","
19 de fevereiro de 2019 ",https://www.cartacapital.com.br/politica/extrema-direita-feminismo-trabalho-o-que-pensa-a-nova-esquerda/,Redação,Política
(Anti)Feminismo em Pauta,"
11 de março de 2019 ",https://www.cartacapital.com.br/justica/antifeminismo-em-pauta/,Grazielly Alessandra Baggenstoss e Juliana Alice Fernandes Gonçalves,3ª Turma
" Reeditar o passado não resolverá o futuro da esquerda, diz Boulos","
15 de fevereiro de 2019 ",https://www.cartacapital.com.br/politica/boulos-miguel-urban-isa-penna-futuro-esquerda/,Thais Reis Oliveira,Política
 Sánchez convoca eleições antecipadas na Espanha,"
15 de fevereiro de 2019 ",https://www.cartacapital.com.br/mundo/sanchez-convoca-eleicoes-antecipadas-na-espanha/,Deutsche Welle,Mundo
Sobe para 10 o número de mortos em escola de Suzano,"
13 de março de 2019 ",https://www.cartacapital.com.br/sociedade/sobe-para-10-o-numero-de-mortos-em-escola-de-suzano/,Redação,Sociedade
 Espanha inicia “julgamento do século” de separatistas catalães,"
12 de fevereiro de 2019 ",https://www.cartacapital.com.br/mundo/espanha-inicia-julgamento-do-seculo-de-separatistas-catalaes/,Deutsche Welle,Mundo
"Na Alesp, PSDB fica 3 dias em fila para barrar investigação","
18 de março de 2019 ",https://www.cartacapital.com.br/politica/na-alesp-psdb-fica-3-dias-em-fila-para-barrar-investigacao/,Alexandre Putti,Política
Partido conservador da Espanha condiciona anistia a doação de bebês,"
20 de março de 2019 ",https://www.cartacapital.com.br/mundo/partido-conservador-da-espanha-condiciona-anistia-a-doacao-de-bebes/,RFI,Mundo
“Vale tudo” virtual cria monstros e torna países ingovernáveis,"
18 de março de 2019 ",https://www.cartacapital.com.br/mundo/vale-tudo-virtual-cria-monstros-e-torna-paises-ingovernaveis/,RFI,Mundo
Holanda: Tiroteio faz vítimas e polícia suspeita de ataque terrorista,"
18 de março de 2019 ",https://www.cartacapital.com.br/mundo/holanda-tiroteio-faz-vitimas-e-policia-suspeita-de-ataque-terrorista/,Redação,Mundo
"No grito, PSL força nome de Janaína Paschoal para presidir a Alesp","
15 de março de 2019 ",https://www.cartacapital.com.br/politica/no-grito-psl-forca-nome-de-janaina-paschoal-para-a-presidir-a-alesp/,Thais Reis Oliveira,Política
"Contra polarização, terapeutas oferecem cuidados a deputados","
15 de março de 2019 ",https://www.cartacapital.com.br/politica/contra-polarizacao-startup-oferece-terapias-a-deputados/,Thais Reis Oliveira,Política
Lava Jato pede afastamento de Gilmar Mendes no “caso Paulo Preto”,"
6 de março de 2019 ",https://www.cartacapital.com.br/politica/lava-jato-pede-afastamento-de-gilmar-mendes-no-caso-paulo-preto/,Redação,Política
Polícia prende suspeito de tiroteio que causou três mortes na Holanda,"
18 de março de 2019 ",https://www.cartacapital.com.br/mundo/policia-prende-suspeito-de-tiroteio-que-matou-3-pessoas-na-holanda/,RFI,Mundo
STF bloqueia bens de Aécio Neves por suspeita de corrupção,"
12 de março de 2019 ",https://www.cartacapital.com.br/politica/stf-bloqueia-bens-de-aecio-neves-por-suspeita-de-corrupcao/,Redação,Política
" Com ‘democracia falha’, Brasil piora no indicador de corrupção","
29 de janeiro de 2019 ",https://www.cartacapital.com.br/politica/com-democracia-falha-brasil-piora-no-indicador-de-corrupcao/,Marina Gama Cubas,Política
Guaidó anuncia retorno à Venezuela e convoca protestos,"
4 de março de 2019 ",https://www.cartacapital.com.br/mundo/guaido-anuncia-retorno-a-venezuela-e-convoca-protestos/,Deutsche Welle,Mundo
" Aposentadoria terá idades mínimas de 62 e 65 anos, define Bolsonaro","
14 de fevereiro de 2019 ",https://www.cartacapital.com.br/politica/previdencia-tera-idades-minimas-de-62-e-65-anos-define-bolsonaro/,Thaís Chaves,Política
Ceará possui uma lei que proíbe o Estado de homenagear torturadores,"
28 de março de 2019 ",https://www.cartacapital.com.br/politica/ceara-possui-uma-lei-que-proibe-o-estado-de-homenagear-torturadores/,Alexandre Putti,Política
 O novo capítulo da crise política na Espanha,"
14 de fevereiro de 2019 ",https://www.cartacapital.com.br/mundo/o-novo-capitulo-da-crise-politica-na-espanha/,Deutsche Welle,Mundo
Vítimas da ditadura querem barrar homenagens de Bolsonaro ao golpe,"
27 de março de 2019 ",https://www.cartacapital.com.br/sociedade/vitimas-da-ditadura-querem-barrar-homenagens-de-bolsonaro-ao-golpe/,Giovanna Galvani,Sociedade
 Comandante quer exclusão de militares da reforma da Previdência,"
11 de janeiro de 2019 ",https://www.cartacapital.com.br/politica/comandante-quer-exclusao-de-militares-da-reforma-da-previdencia/,Redação,Política
MP mira “laranjas” por disparo de notícias falsas nas eleições de 2018,"
28 de fevereiro de 2019 ",https://www.cartacapital.com.br/justica/mp-mira-laranjas-por-disparo-de-noticias-falsas-nas-eleicoes/,Alexandre Putti,Justiça
Militares na Previdência: um nó que Bolsonaro terá que desatar,"
20 de março de 2019 ",https://www.cartacapital.com.br/politica/militares-na-previdencia-um-no-que-bolsonaro-tera-que-desatar/,Thais Reis Oliveira,Política
Previdência dos militares economiza pouco e favorece altos oficiais,"
20 de março de 2019 ",https://www.cartacapital.com.br/politica/previdencia-dos-militares-economiza-pouco-e-favorece-altos-oficiais/,Thais Reis Oliveira,Política
De estudante a quase aposentado: como é e como fica a Previdência,"
1 de março de 2019 ",https://www.cartacapital.com.br/politica/de-estudante-a-pre-aposentado-como-e-e-como-pode-ficar-a-previdencia/,Thais Reis Oliveira,Economia
Nem o Professor Raimundo faria melhor na semana política,"
17 de março de 2019 ",https://www.cartacapital.com.br/politica/a-semana-politica-10-a-16-3-nem-o-professor-raimundo-faria-melhor/,Alexandre Putti,Política
Previdência de Bolsonaro colocará a maioria na miséria absoluta,"
10 de março de 2019 ",https://www.cartacapital.com.br/economia/previdencia-de-bolsonaro-colocara-a-maioria-na-miseria-absoluta/,Guilherme Boulos,Opinião
"Privatizar a previdência foi um fracasso em todo o mundo, diz OIT","
11 de março de 2019 ",https://www.cartacapital.com.br/politica/privatizar-a-previdencia-foi-um-fracasso-em-todo-o-mundo-diz-oit/,Alexandre Putti,Política
“Capitalização transformou adultos de classe média em idosos pobres”,"
19 de março de 2019 ",https://www.cartacapital.com.br/economia/capitalizacao-transformou-adultos-de-classe-media-em-idosos-pobres/,Thais Reis Oliveira,Economia
Deputado pede que Bolsonaro crie secretaria de “Desesquerdização”,"
14 de março de 2019 ",https://www.cartacapital.com.br/politica/deputado-pede-que-bolsonaro-crie-secretaria-de-desesquerdizacao/,Redação,Política
Reforma militar poupa 6 vezes menos que extinguir pensão de filhas,"
26 de março de 2019 ",https://www.cartacapital.com.br/politica/reforma-militar-poupa-6-vezes-menos-que-extinguir-pensao-de-filhas/,Thais Reis Oliveira,Política
"‘Elegeram um adolescente tuiteiro’, afirma Ciro Gomes sobre Bolsonaro","
11 de março de 2019 ",https://www.cartacapital.com.br/politica/elegeram-um-adolescente-tuiteiro-diz-ciro-gomes-sobre-bolsonaro/,Thais Reis Oliveira,Política
Mulheres do campo sofrem com reforma da Previdência e armas liberadas,"
25 de março de 2019 ",https://www.cartacapital.com.br/politica/mulheres-do-campo-sofrem-com-reforma-da-previdencia-e-armas-liberadas/,Giovanna Galvani,Política
"Aviso a Bolsonaro: “Está tratando com profissionais, não com laranjal”","
28 de fevereiro de 2019 ",https://www.cartacapital.com.br/politica/aviso-a-bolsonaro-esta-tratando-com-profissionais-nao-com-laranjal/,Thais Reis Oliveira,Política
De estudante a quase aposentado: como é e como fica a Previdência,"
1 de março de 2019 ",https://www.cartacapital.com.br/economia/de-estudante-a-pre-aposentado-como-e-e-como-pode-ficar-a-previdencia/,Thais Reis Oliveira,Economia
"A semente virou árvore: 1 ano após morte, Marielle é símbolo mundial","
14 de março de 2019 ",https://www.cartacapital.com.br/sociedade/a-semente-virou-arvore-1-ano-apos-morte-marielle-e-simbolo-mundial/,Alexandre Putti,Sociedade
Aprovação do governo Bolsonaro é a menor em 1º mandato desde 2003,"
26 de fevereiro de 2019 ",https://www.cartacapital.com.br/politica/aprovacao-do-governo-bolsonaro-e-a-pior-em-1o-mandato-desde-2003/,Thais Reis Oliveira,Política
Mônica Benício lembra Marielle ao lado de Angela Davis nos EUA,"
14 de março de 2019 ",https://www.cartacapital.com.br/justica/nao-vejo-outro-caminho-senao-responder-quem-mandou-matar-marielle/,RFI,Justiça
"Previdência: fala-se da idade, mas ignora-se a produtividade","
13 de março de 2019 ",https://www.cartacapital.com.br/politica/previdencia-fala-se-da-idade-mas-ignora-se-a-produtividade/,Humberto Lima,Brasil Debate
Existe ligação entre o suspeito de matar Marielle e o clã Bolsonaro?,"
13 de março de 2019 ",https://www.cartacapital.com.br/politica/existe-ligacao-entre-o-suspeito-de-matar-marielle-e-o-cla-bolsonaro/,Carol Scorce,Política
Previdência: Maia se irrita com Carlos Bolsonaro e ameaça deixar articulação,"
22 de março de 2019 ",https://www.cartacapital.com.br/politica/previdencia-maia-se-irrita-com-carlos-bolsonaro-e-ameaca-deixar-articulacao/,Thais Reis Oliveira,Política
Direto da Redação: Isa Penna explica por que é preciso se opor a Doria,"
31 de janeiro de 2019 ",https://www.cartacapital.com.br/politica/direto-da-redacao-isa-penna-explica-por-que-e-preciso-se-opor-a-doria/,Redação,Política
 Nova aposentadoria aprofunda desigualdade entre homens e mulheres,"
22 de fevereiro de 2019 ",https://www.cartacapital.com.br/politica/reforma-da-previdencia-aprofunda-desigualdade-entre-homens-e-mulheres/,Carol Scorce,Diversidade
" Tiros contra deputada podem ser tentativa de latrocínio, diz Witzel","
16 de janeiro de 2019 ",https://www.cartacapital.com.br/politica/tiros-contra-deputada-podem-ser-tentativa-de-latrocinio-diz-witzel/,Redação,Política
 Entenda o sistema de capitalização da Previdência proposto por Guedes,"
9 de janeiro de 2019 ",https://www.cartacapital.com.br/politica/entenda-o-sistema-de-capitalizacao-da-previdencia-proposto-por-guedes/,Marina Gama Cubas,Economia
 “Nosso feminismo precisa ser cada vez mais radical”,"
13 de fevereiro de 2019 ",https://www.cartacapital.com.br/justica/nosso-feminismo-precisa-ser-cada-vez-mais-radical/,Igor Leone,Justiça
" Sem militares, centrão e oposição ameaçam barrar votação da Previdência","
21 de fevereiro de 2019 ",https://www.cartacapital.com.br/politica/sem-militares-centrao-e-oposicao-ameacam-barrar-votacao-da-previdencia/,Thais Reis Oliveira,Política
 Para o cemitério e em silêncio,"
30 de janeiro de 2019 ",https://www.cartacapital.com.br/justica/para-o-cemiterio-e-em-silencio/,Isa Penna,Opinião
 “Estamos diante do risco de um novo cerco jurídico-repressivo”,"
6 de fevereiro de 2019 ",https://www.cartacapital.com.br/justica/estamos-diante-do-risco-de-um-novo-cerco-juridico-repressivo/,Igor Leone,Justiça
Parlamentares recriam frente a favor da Previdência pública,"
20 de março de 2019 ",https://www.cartacapital.com.br/politica/contra-pec-de-bolsonaro-parlamentares-recriam-frente-pro-previdencia/,Thais Reis Oliveira,Política
CartaCapital estreia coluna com jovens de comunidades de RJ e MG,"
6 de março de 2019 ",https://www.cartacapital.com.br/justica/cartacapital-estreia-coluna-com-jovens-de-comunidades-de-rj-e-mg/,Redação,Justiça
 Cinco medidas que antecipam a ‘doutrina Doria’ para a segurança pública,"
23 de janeiro de 2019 ",https://www.cartacapital.com.br/politica/cinco-medidas-que-antecipam-a-doutrina-doria-para-a-seguranca-publica/,Thais Reis Oliveira,Política
" Fim de governo Temer teve transferência incomum de recursos, diz Onyx","
3 de janeiro de 2019 ",https://www.cartacapital.com.br/politica/fim-de-governo-temer-teve-transferencia-incomum-de-recursos-diz-onyx/,Redação,Política
" Caminhos do racismo brasileiro: violência, trabalho, escravidão","
28 de fevereiro de 2019 ",https://www.cartacapital.com.br/justica/caminhos-do-racismo-brasileiro-violencia-trabalho-escravidao/,Cristiano Paixão,Justiça
O Brasil ganha seu primeiro site dedicado ao uso medicinal da maconha,"
5 de março de 2019 ",https://www.cartacapital.com.br/sociedade/o-brasil-ganha-seu-primeiro-site-dedicado-ao-uso-medicinal-da-maconha/,RFI,Sociedade
 A cruel demolição da Previdência social,"
22 de fevereiro de 2019 ",https://www.cartacapital.com.br/economia/a-cruel-demolicao-da-previdencia-social/,Guilherme Santos Mello,Brasil Debate
Corrente do bem: as ações solidárias inspiradas por Marielle Franco,"
14 de março de 2019 ",https://www.cartacapital.com.br/sociedade/corrente-do-bem-as-acoes-solidarias-inspiradas-por-marielle-franco/,Marina Souza,Sociedade
"“O tempo é nosso inimigo”, diz Freixo sobre investigação do caso Marielle","
14 de março de 2019 ",https://www.cartacapital.com.br/politica/o-tempo-e-nosso-inimigo-diz-freixo-sobre-investigacao-do-caso-marielle/,Rodrigo Martins,Política
"PSOL quer CPI das Milícias, mas evita envolver Queiroz e os Bolsonaro","
12 de março de 2019 ",https://www.cartacapital.com.br/politica/marielle-psol-pt-cpi-milicias/,Thais Reis Oliveira,Política
"Freixo: ‘o caso não está resolvido, quem mandou matar Marielle?’","
12 de março de 2019 ",https://www.cartacapital.com.br/politica/freixo-o-caso-nao-esta-resolvido-quem-mandou-matar-marielle/,Alexandre Putti,Sociedade
"Após denúncia, governo diz à ONU que não houve golpe militar no Brasil","
4 de abril de 2019 ",https://www.cartacapital.com.br/politica/apos-denuncia-governo-diz-a-onu-que-nao-houve-golpe-militar-no-brasil/,Thais Reis Oliveira,Política
"Criticado por Bolsonaro, Sínodo da Amazônia inicia preparação","
7 de março de 2019 ",https://www.cartacapital.com.br/sociedade/criticado-por-bolsonaro-sinodo-da-amazonia-inicia-preparacao/,RFI,Sociedade
Uma história de resistência no coração da mineração brasileira,"
17 de março de 2019 ",https://www.cartacapital.com.br/sociedade/uma-historia-de-resistencia-no-coracao-da-mineracao-brasileira/,Deutsche Welle,Sociedade
" “Abandonado”, prefeito de Brumadinho diz que “tendência é piorar”","
25 de fevereiro de 2019 ",https://www.cartacapital.com.br/sociedade/estamos-um-pouco-abandonados-em-brumadinho-diz-prefeito/,Deutsche Welle,Sociedade
PSL quer mudar ECA para liberar apreensão de menores,"
4 de março de 2019 ",https://www.cartacapital.com.br/sociedade/partido-de-bolsonaro-quer-mudar-eca-para-liberar-apreensao-de-menores/,Rodrigo Martins,Sociedade
 Gandra Filho aparece e greve contra privatização é considerada abusiva,"
12 de fevereiro de 2019 ",https://www.cartacapital.com.br/justica/gandra-filho-aparece-e-greve-contra-privatizacao-e-considerada-abusiva/,Brenno Tardelli,Justiça
 “Vitória” de Ives Gandra em greves contra privatização causa revolta,"
15 de fevereiro de 2019 ",https://www.cartacapital.com.br/justica/vitoria-de-ives-em-greves-contra-privatizacao-foi-destaque-da-semana/,Brenno Tardelli,Justiça
Medo de violência faz LGBTs e mulheres investirem em autodefesa,"
19 de março de 2019 ",https://www.cartacapital.com.br/sociedade/medo-de-violencia-faz-lgbts-e-mulheres-investirem-em-autodefesa/,Alexandre Putti,Sociedade
 Supremo emparedado,"
27 de fevereiro de 2019 ",https://www.cartacapital.com.br/justica/supremo-emparedado/,BRENNO TARDELLI E IGOR LEONE,Justiça
 João Doria orienta PM a aplicar pena de morte em São Paulo,"
22 de janeiro de 2019 ",https://www.cartacapital.com.br/sociedade/joao-doria-orienta-pm-a-aplicar-pena-de-morte-em-sp/,Douglas Belchior,Opinião
Bolsonaro vota contra palestinos na ONU e fere tradição diplomática,"
22 de março de 2019 ",https://www.cartacapital.com.br/mundo/bolsonaro-vota-contra-palestinos-na-onu-e-fere-tradicao-diplomatica/,Thaís Chaves,Mundo
Pobreza na Argentina atinge um terço da população urbana,"
29 de março de 2019 ",https://www.cartacapital.com.br/mundo/pobreza-na-argentina-atinge-um-terco-da-populacao-urbana/,Deutsche Welle,Mundo
 50 dias do governo Bolsonaro: uma ópera-bufa em sete atos,"
19 de fevereiro de 2019 ",https://www.cartacapital.com.br/politica/50-dias-do-governo-bolsonaro-uma-opera-bufa-em-sete-atos/,Thais Reis Oliveira,Política
 Bebianno: Declarações à imprensa antecipam poder de fogo contra Bolsonaro,"
17 de fevereiro de 2019 ",https://www.cartacapital.com.br/politica/dispensado-bebianno-testa-na-midia-seu-poder-de-fogo-contra-bolsonaro/,Thais Reis Oliveira,Opinião
"Desemprego atinge 13,1 milhões e subutilização é a maior desde 2012","
29 de março de 2019 ",https://www.cartacapital.com.br/sociedade/onad-continua-ibge-desemprego-trimestre-2019/,Thais Reis Oliveira,Sociedade
" A Venezuela, a Constituição e o Comando Sul","
14 de fevereiro de 2019 ",https://www.cartacapital.com.br/mundo/a-venezuela-a-constituicao-e-o-comando-sul/,Celso Amorim,Opinião
PIBinho: economia brasileira repete em 2018 crescimento de 2017,"
28 de fevereiro de 2019 ",https://www.cartacapital.com.br/economia/pibinho-economia-brasileira-repete-em-2018-crescimento-de-2017/,Deutsche Welle,Economia
"Desemprego sobe e atinge 12,7 milhões de trabalhadores","
27 de fevereiro de 2019 ",https://www.cartacapital.com.br/economia/desemprego-sobe-e-atinge-127-milhoes-de-trabalhadores/,Alexandre Putti,Economia
 Presença inédita de militares na economia pode impactar em reformas,"
23 de janeiro de 2019 ",https://www.cartacapital.com.br/economia/presenca-inedita-de-militares-na-economia-pode-impactar-em-reformas/,RFI,Economia
Brasil está entre os piores em participação de mulheres no governo,"
12 de março de 2019 ",https://www.cartacapital.com.br/politica/brasil-esta-entre-os-piores-em-participacao-de-mulheres-no-governo/,Giovanna Galvani,Política
 Como o governo Bolsonaro chegou aos seus piores dias (até agora),"
21 de janeiro de 2019 ",https://www.cartacapital.com.br/politica/como-o-governo-bolsonaro-chegou-aos-seus-piores-dias-ate-agora/,Thais Reis Oliveira,Política
 Conselho de Damares Alves para quem é pai de menina: fuja do Brasil!,"
15 de fevereiro de 2019 ",https://www.cartacapital.com.br/politica/conselho-de-damares-alves-para-quem-e-pai-de-menina-fuja-do-brasil/,Redação,Política
 Seis pontos mal explicados no decreto pró-armas de Bolsonaro,"
15 de janeiro de 2019 ",https://www.cartacapital.com.br/politica/seis-pontos-mal-explicados-no-decreto-pro-armas-de-bolsonaro/,Thais Reis Oliveira,Política
"“Ouço qualquer ministro, até a Damares”, diz Bolsonaro","
22 de março de 2019 ",https://www.cartacapital.com.br/politica/ouco-qualquer-ministro-ate-a-damares-diz-bolsonaro/,Redação,Política
" Doria quer manifestação sem máscaras, mas mantém PMs sem identificação","
22 de janeiro de 2019 ",https://www.cartacapital.com.br/sociedade/doria-quer-manifestacao-sem-mascaras-mas-mantem-pms-sem-identificacao/,Marina Gama Cubas,Sociedade
 Apertem os cintos: 2019 deu a largada!,"
7 de janeiro de 2019 ",https://www.cartacapital.com.br/politica/apertem-os-cintos-2019-deu-a-largada/,Rosane Borges,Política
"Movimento Gay quer tirar Bíblia de circulação no Brasil, diz Damares","
15 de janeiro de 2019 ",https://www.cartacapital.com.br/politica/movimento-gay-quer-tirar-biblia-de-circulacao-no-brasil-diz-damares/,Vinicius Segalla,Política
 Damares: “O Movimento Gay não é gay. É ideológico e partidário”,"
1 de fevereiro de 2019 ",https://www.cartacapital.com.br/politica/damares-o-movimento-gay-nao-e-gay-e-ideologico-e-partidario/,Vinicius Segalla,Política
 A submissão de Toffoli ao bolsonarismo,"
21 de janeiro de 2019 ",https://www.cartacapital.com.br/justica/a-submissao-de-toffoli-ao-bolsonarismo/,Gustavo Freire Barbosa,Justiça
"Lição para Damares: ser mulher no Brasil é duro, mas fugir não é saída","
8 de março de 2019 ",https://www.cartacapital.com.br/sociedade/licao-para-damares-ser-mulher-no-brasil-e-duro-mas-fugir-nao-e-saida/,Maria Paula Malheiros,Sociedade
 Toffoli valida decreto inconstitucional de Temer,"
17 de janeiro de 2019 ",https://www.cartacapital.com.br/economia/toffoli-valida-decreto-inconstitucional-de-temer/,Carlos Drummond,Economia
 Entenda por que pedido de Flávio Bolsonaro ao STF é um tiro no pé,"
17 de janeiro de 2019 ",https://www.cartacapital.com.br/justica/recurso-de-bolsonaro-ao-stf-pode-ser-tiro-no-pe-afirmam-juristas/,Brenno Tardelli,Justiça
Crise na Venezuela aumenta riscos para povo indígena na Amazônia,"
11 de março de 2019 ",https://www.cartacapital.com.br/politica/crise-na-venezuela-aumenta-riscos-para-povo-indigena-na-amazonia/,Deutsche Welle,Política
 Seis vezes em que a família Bolsonaro foi contra o foro especial,"
17 de janeiro de 2019 ",https://www.cartacapital.com.br/politica/6-vezes-em-que-a-familia-bolsonaro-foi-contra-o-foro-privilegiado/,Thais Reis Oliveira,Política
Factoide pornô de Bolsonaro não convence nem sua milícia virtual,"
7 de março de 2019 ",https://www.cartacapital.com.br/politica/factoide-porno-de-bolsonaro-nao-convence-nem-sua-milicia-virtual/,Thais Reis Oliveira,Política
Comportamento de Bolsonaro na internet ajuda fábrica de fake news,"
12 de março de 2019 ",https://www.cartacapital.com.br/sociedade/comportamento-de-bolsonaro-na-internet-ajuda-fabrica-de-fake-news/,Deutsche Welle,Sociedade
"“O principal veiculador de fake news não é o povo, são os poderosos”","
14 de março de 2019 ",https://www.cartacapital.com.br/sociedade/o-principal-veiculador-de-fake-news-nao-e-o-povo-sao-os-poderosos/,RFI,Sociedade
"Após postar vídeo obsceno, Bolsonaro pergunta o que é “golden shower”","
6 de março de 2019 ",https://www.cartacapital.com.br/politica/apos-postar-video-obsceno-bolsonaro-pergunta-o-que-e-golden-shower/,Alexandre Putti,Política
Jurista que tirou Dilma vê motivo para impeachment de Bolsonaro,"
6 de março de 2019 ",https://www.cartacapital.com.br/politica/jurista-que-tirou-dilma-ve-motivo-para-impeachment-de-bolsonaro/,Alexandre Putti,Política
"“Bolsonaro é o próprio túmulo do Carnaval”, diz historiador","
2 de março de 2019 ",https://www.cartacapital.com.br/sociedade/bolsonaro-e-o-proprio-tumulo-do-carnaval-diz-historiador/,Fred Melo Paiva,Sociedade
Vídeo postado por Bolsonaro repercute até nos corredores da ONU,"
6 de março de 2019 ",https://www.cartacapital.com.br/politica/video-postado-por-bolsonaro-repercute-ate-nos-corredores-da-onu/,Alexandre Putti,Política
Deputado processará Bolsonaro por divulgar vídeo sem consentimento,"
6 de março de 2019 ",https://www.cartacapital.com.br/politica/deputado-processara-bolsonaro-por-divulgar-video-sem-consentimento/,Alexandre Putti,Política
Carnaval como forma de protesto: os blocos que pulam e fazem política,"
1 de março de 2019 ",https://www.cartacapital.com.br/sociedade/carnaval-como-forma-de-protesto-os-blocos-que-pulam-e-fazem-politica/,Alexandre Putti,Sociedade
“Não é não”: o Carnaval é a chance de mostrar que aprendemos algo,"
1 de março de 2019 ",https://www.cartacapital.com.br/sociedade/nao-e-nao-o-carnaval-e-a-chance-de-mostrar-que-aprendemos-algo/,Thaís Chaves,Sociedade
"“Reforma é tão ruim que não dá para remendar”, diz líder do PDT","
28 de março de 2019 ",https://www.cartacapital.com.br/politica/reforma-previdencia-andre-figueiredo-pdt-camara/,Thais Reis Oliveira,Política
 Jovens brasileiras são as que mais convivem com o medo de assédio,"
31 de janeiro de 2019 ",https://www.cartacapital.com.br/sociedade/jovens-brasileiras-sao-as-que-mais-convivem-com-o-medo-de-assedio/,Thais Reis Oliveira,Sociedade
 Oposição venezuelana apresenta a Bolsonaro plano para derrubar Maduro,"
18 de janeiro de 2019 ",https://www.cartacapital.com.br/politica/oposicao-venezuelana-apresenta-a-bolsonaro-plano-para-derrubar-maduro/,Vinicius Segalla,Mundo
"Indicada por Vélez como número 2 do MEC, Iolene Lima é demitida","
22 de março de 2019 ",https://www.cartacapital.com.br/politica/indicada-por-velez-como-numero-2-do-mec-iolene-lima-e-demitida/,Redação,Política
Oposição se une para enterrar Previdência já nas primeiras discussões,"
26 de março de 2019 ",https://www.cartacapital.com.br/politica/oposicao-se-une-para-enterrar-previdencia-ja-nas-primeiras-discussoes/,Thais Reis Oliveira,Política
" Em nova posse, Maduro chama Bolsonaro de ‘fascista’","
10 de janeiro de 2019 ",https://www.cartacapital.com.br/mundo/em-nova-posse-maduro-chama-de-bolsonaro-de-fascista/,Deutsche Welle,Mundo
"Pela primeira vez em 22 anos, Enem terá “supervisão” do governo","
20 de março de 2019 ",https://www.cartacapital.com.br/politica/pela-primeira-vez-em-22-anos-enem-tera-supervisao-do-governo/,Redação,Política
" Em nove dias, governo Bolsonaro voltou atrás pelo menos sete vezes","
10 de janeiro de 2019 ",https://www.cartacapital.com.br/politica/em-nove-dias-governo-bolsonaro-voltou-atras-pelo-menos-sete-vezes/,Thais Reis Oliveira,Política
Militar assume o cargo número 2 do Ministério da Educação,"
29 de março de 2019 ",https://www.cartacapital.com.br/politica/bolsonaro-nomeia-militar-para-cargo-de-numero-2-do-mec/,Redação,Política
" Rachada, a esquerda vive na Câmara o dilema entre resistir e se entregar","
19 de janeiro de 2019 ",https://www.cartacapital.com.br/politica/rachada-a-esquerda-vive-na-camara-o-dilema-entre-resistir-e-se-entregar/,Fred Melo Paiva,Política
" Em discurso na ONU, Damares defende a vida “desde a concepção”","
25 de fevereiro de 2019 ",https://www.cartacapital.com.br/sociedade/na-onu-damares-defende-a-vida-desde-a-concepcao/,Alexandre Putti,Sociedade
 Governo Bolsonaro suspende reforma agrária por tempo indeterminado,"
8 de janeiro de 2019 ",https://www.cartacapital.com.br/sociedade/governo-bolsonaro-suspende-reforma-agraria-por-tempo-indeterminado/,Daniel Camargos e Diego Junqueira*,Sociedade
"Câmara aprova PEC, engessa orçamento e impõe nova derrota a Bolsonaro","
27 de março de 2019 ",https://www.cartacapital.com.br/politica/camara-aprova-pec-engessa-orcamento-e-impoe-nova-derrota-a-bolsonaro/,Redação,Política
" PSOL, PT e PSB se reúnem e discutem candidatura única para a Câmara","
14 de janeiro de 2019 ",https://www.cartacapital.com.br/politica/psol-pt-e-psb-se-reunem-e-discutem-candidatura-unica-para-a-camara/,Marina Gama Cubas,Política
 Governo Bolsonaro volta atrás e cancela suspensão da reforma agrária,"
9 de janeiro de 2019 ",https://www.cartacapital.com.br/sociedade/governo-bolsonaro-volta-atras-e-cancela-suspensao-da-reforma-agraria/,"Daniel Camargos e Diego junqueira, da Repórter Brasil",Sociedade
" Após romper diálogo com o MST, Incra recua: “Poderão ser ouvidos”","
25 de fevereiro de 2019 ",https://www.cartacapital.com.br/politica/apos-romper-dialogo-com-o-mst-incra-recua-poderao-ser-ouvidos/,Thais Reis Oliveira,Política
Assentamento do Paraná é referência na produção de orgânicos,"
18 de março de 2019 ",https://www.cartacapital.com.br/sociedade/assentamento-do-parana-consolida-se-como-modelo-agroecologico/,René Ruschel,Sociedade
" “Governos passam”, diz coordenador do MST após Incra romper diálogo","
22 de fevereiro de 2019 ",https://www.cartacapital.com.br/politica/mst-dialogo-incra-ouvidoria/,Thais Reis Oliveira,Política
Governo Bolsonaro volta a suspender a reforma agrária,"
28 de março de 2019 ",https://www.cartacapital.com.br/politica/governo-bolsonaro-volta-a-suspender-a-reforma-agraria-no-pais/,Daniel Camargos e Ana Magalhães,Política
"Para Damares, meninos têm que aprender a dar flores às meninas","
8 de março de 2019 ",https://www.cartacapital.com.br/sociedade/para-damares-meninos-tem-que-aprender-a-dar-flores-as-meninas/,Alexandre Putti,Sociedade
 Damares: “Tem muito hotel especializado em sexo com animais no Brasil”,"
31 de janeiro de 2019 ",https://www.cartacapital.com.br/politica/damares-brasil-tem-muito-hotel-especializado-em-sexo-com-animais/,Vinicius Segalla,Política
 Mourão pró-aborto? Relembre práticas e discursos nada moderados do vice,"
1 de fevereiro de 2019 ",https://www.cartacapital.com.br/politica/mourao-pro-aborto-relembre-praticas-e-discursos-nada-moderados-do-vice/,Thais Reis Oliveira,Opinião
" No 1º mandato no Senado, Alcolumbre é veterano da ‘velha política’","
6 de fevereiro de 2019 ",https://www.cartacapital.com.br/politica/no-1o-mandato-no-senado-alcolumbre-e-veterano-da-velha-politica/,Thais Reis Oliveira,Política
 Macri e Bolsonaro sinalizam união e criticam “ditadura de Maduro”,"
16 de janeiro de 2019 ",https://www.cartacapital.com.br/politica/macri-e-bolsonaro-criticam-ditadura-de-maduro-e-sinalizam-uniao/,Deutsche Welle,Política
 Veja quais são as promessas de Bolsonaro que dependem do Congresso,"
1 de fevereiro de 2019 ",https://www.cartacapital.com.br/politica/veja-quais-sao-as-promessas-de-bolsonaro-que-dependem-do-congresso/,Deutsche Welle,Política
 Calheiros desiste e aliado de Lorenzoni vai presidir o Senado,"
2 de fevereiro de 2019 ",https://www.cartacapital.com.br/politica/calheiros-desiste-e-aliado-de-lorenzoni-vira-presidente-do-senado/,Redação,Política
"Em novo recuo, Bolsonaro revoga decreto sobre sigilo de dados oficiais","
27 de fevereiro de 2019 ",https://www.cartacapital.com.br/politica/em-novo-recuo-bolsonaro-revoga-decreto-sobre-sigilo-de-dados-oficiais/,Deutsche Welle,Política
Advogado chama Gilmar Mendes de “inimigo nº 1” e pede impeachment,"
14 de março de 2019 ",https://www.cartacapital.com.br/politica/advogado-chama-gilmar-mendes-de-inimigo-no-1-e-pede-impeachment/,Redação,Política
 Flávio Bolsonaro ataca direitos humanos e os usa para se defender,"
28 de janeiro de 2019 ",https://www.cartacapital.com.br/justica/flavio-bolsonaro-ataca-direitos-humanos-e-os-usa-para-se-defender/,Gustavo Freire Barbosa,Justiça
Buenos Aires amanhece com homenagens a Marielle Franco,"
14 de março de 2019 ",https://www.cartacapital.com.br/politica/buenos-aires-amanhece-com-homenagens-a-marielle-franco/,Alexandre Putti,Política
 Moro se une a Vélez em ‘Lava Jato da Educação’ (e Bolsonaro comemora),"
15 de fevereiro de 2019 ",https://www.cartacapital.com.br/politica/moro-velez-lava-jato-educacao-bolsonaro-comemora/,Thais Reis Oliveira,Política
Por que a Alemanha não esquece o seu passado,"
26 de março de 2019 ",https://www.cartacapital.com.br/mundo/por-que-a-alemanha-nao-esquece-o-seu-passado/,Deutsche Welle,Mundo
“Nazismo de esquerda”: o absurdo vira discurso oficial em Brasília,"
28 de março de 2019 ",https://www.cartacapital.com.br/politica/nazismo-de-esquerda-o-absurdo-virou-discurso-oficial-em-brasilia/,Deutsche Welle,Política
" São Bernardo, a Ford e uma indústria que se recusa a caminhar sozinha","
23 de fevereiro de 2019 ",https://www.cartacapital.com.br/economia/sao-bernardo-a-ford-e-uma-industria-que-se-recusa-a-caminhar-sozinha/,Thais Reis Oliveira,Economia
 A negligência neoliberal e o mito da ressocialização,"
14 de março de 2019 ",https://www.cartacapital.com.br/justica/a-negligencia-neoliberal-e-o-mito-da-ressocializacao/,Igor Leone,Justiça
 Entidade acusa Damares de impedir ação antitortura em cadeias no Ceará,"
15 de fevereiro de 2019 ",https://www.cartacapital.com.br/politica/entidade-acusa-damares-de-impedir-acao-antitortura-em-cadeias-no-ceara/,Thais Reis Oliveira,Política
O que afasta os turistas estrangeiros do Brasil?,"
17 de fevereiro de 2019 ",https://www.cartacapital.com.br/sociedade/o-que-afasta-os-turistas-estrangeiros-do-brasil/,Deutsche Welle,Sociedade
"Vídeo: “O que está em jogo é o nosso futuro”, diz Guilherme Boulos","
23 de março de 2019 ",https://www.cartacapital.com.br/politica/video-o-que-esta-em-jogo-e-o-nosso-futuro-diz-guilherme-boulos/,Carol Scorce,Política
 Doria regulamenta lei que proíbe máscaras em protestos em São Paulo,"
20 de janeiro de 2019 ",https://www.cartacapital.com.br/sociedade/doria-regulamenta-lei-que-proibe-mascaras-em-protestos-em-sao-paulo/,Agência Brasil,Sociedade
Dodge arquiva pedido de retirada de Gilmar em caso envolvendo tucanos,"
11 de março de 2019 ",https://www.cartacapital.com.br/politica/dodge-arquiva-pedido-de-retirada-de-gilmar-em-caso-envolvendo-tucanos/,Redação,Política
 Escândalo abala a “lua de mel” do governo Bolsonaro,"
20 de janeiro de 2019 ",https://www.cartacapital.com.br/politica/escandalo-abala-a-lua-de-mel-do-governo-bolsonaro/,Deutsche Welle,Política
 Candidato do PSL em Minas Gerais entra na mira do Coaf,"
25 de fevereiro de 2019 ",https://www.cartacapital.com.br/politica/candidato-do-psl-em-minas-gerais-entra-na-mira-do-coaf/,Thais Reis Oliveira,Política
Queiroz assume que fazia pagamentos para favorecer Flávio Bolsonaro,"
1 de março de 2019 ",https://www.cartacapital.com.br/politica/queiroz-assume-que-fazia-pagamentos-para-favorecer-flavio-bolsonaro/,Alexandre Putti,Política
 Queixas de candidatas indicam novo perfil de laranjas nas eleições,"
12 de janeiro de 2019 ",https://www.cartacapital.com.br/politica/queixas-de-candidatas-indicam-novo-perfil-de-laranjas-nas-eleicoes/,Marina Gama Cubas,Política
 Queiroz? Flávio Bolsonaro não diz se vai dar explicações ao MP,"
7 de janeiro de 2019 ",https://www.cartacapital.com.br/justica/queiroz-flavio-bolsonaro-nao-diz-se-vai-dar-explicacoes-ao-mp/,Redação,Justiça
"Para PSL, solução para fraude é tirar mulheres da política","
21 de março de 2019 ",https://www.cartacapital.com.br/politica/para-psl-solucao-para-fraude-e-tirar-mulheres-da-politica/,Carol Scorce,Política
Entidades e Suplicy se reúnem com TJSP em favor de mães encarceradas,"
15 de março de 2019 ",https://www.cartacapital.com.br/justica/entidades-e-suplicy-se-reunem-com-tjsp-em-favor-de-maes-encarceradas/,Brenno Tardelli,Justiça
 Amigo de Bolsonaro não atende critérios para alta gerência na Petrobras,"
11 de janeiro de 2019 ",https://www.cartacapital.com.br/politica/amigo-de-bolsonaro-nao-atende-criterio-para-alta-gerencia-na-petrobras/,Thais Reis Oliveira,Política
Das raízes aos novos ramos: um guia rápido do laranjal do PSL,"
12 de março de 2019 ",https://www.cartacapital.com.br/politica/das-raizes-aos-novos-ramos-um-guia-rapido-do-laranjal-do-psl/,Thais Reis Oliveira,Política
 Juiz se baseia em eleição de Bolsonaro para decretar prisão de jovem,"
11 de janeiro de 2019 ",https://www.cartacapital.com.br/justica/juiz-se-baseia-em-eleicao-de-bolsonaro-para-decretar-prisao-de-jovem/,Redação,Justiça
 Demitido ou só afastado? O estranho caso do ministro do Turismo,"
6 de fevereiro de 2019 ",https://www.cartacapital.com.br/politica/demitido-ou-so-afastado-o-estranho-caso-do-ministro-do-turismo/,Rodrigo Durão,Política
 O primeiro mês de Bolsonaro,"
4 de fevereiro de 2019 ",https://www.cartacapital.com.br/politica/marcos-coimbra-o-primeiro-mes/,Marcos Coimbra,Opinião
 O Código Penal de Sérgio Moro,"
14 de janeiro de 2019 ",https://www.cartacapital.com.br/justica/o-codigo-penal-de-sergio-moro/,Redação,3ª Turma
" Para especialista, PL Anticrime de Moro deve aumentar as injustiças","
14 de janeiro de 2019 ",https://www.cartacapital.com.br/justica/na-verdade-o-plea-bargain-vai-ser-usado-para-producao-de-injusticas/,Igor Leone,3ª Turma
" Brumadinho, MG","
1 de fevereiro de 2019 ",https://www.cartacapital.com.br/sociedade/brumadinho-mg/,Rui Daher,Sociedade
TSE acata denúncia de candidaturas de laranjas em partido de Bolsonaro,"
13 de março de 2019 ",https://www.cartacapital.com.br/politica/tse-acata-denuncia-de-candidaturas-de-laranjas-em-partido-de-bolsonaro/,Alexandre Putti,Política
"Após 7 anos de revindicações, MTST inaugura condomínio em Santo André","
17 de março de 2019 ",https://www.cartacapital.com.br/sociedade/apos-7-anos-de-revindicacoes-mtst-inaugura-condominio-em-santo-andre/,Alexandre Putti,Sociedade
 Bolsonaro fala em “excesso de proteção” e fim da Justiça do Trabalho,"
4 de janeiro de 2019 ",https://www.cartacapital.com.br/politica/bolsonaro-fala-em-excesso-de-protecao-e-fim-da-justica-do-trabalho/,Ana Luiza Basilio,Política
 Declarações de Bolsonaro e desinteresse econômico afastam a África,"
5 de janeiro de 2019 ",https://www.cartacapital.com.br/politica/declaracoes-de-bolsonaro-e-desinteresse-economico-afastam-a-africa/,RFI,Política
 Ainda (e sempre) em defesa da Justiça do Trabalho,"
11 de janeiro de 2019 ",https://www.cartacapital.com.br/justica/ainda-e-sempre-em-defesa-da-justica-do-trabalho/,Valdete Severo,Justiça
" A Justiça do Trabalho, as vacas e os brejos","
9 de janeiro de 2019 ",https://www.cartacapital.com.br/justica/a-justica-do-trabalho-as-vacas-e-os-brejos/,Wilson Ramos Filho (Xixo),Justiça
Coreia do Norte tem pior colheita em mais de uma década,"
7 de março de 2019 ",https://www.cartacapital.com.br/mundo/coreia-do-norte-tem-pior-colheita-em-mais-de-uma-decada/,Deutsche Welle,Mundo
Coreia do Norte ameaça suspender negociações sobre desnuclearização,"
15 de março de 2019 ",https://www.cartacapital.com.br/mundo/coreia-do-norte-ameaca-suspender-negociacoes-sobre-desnuclearizacao/,Deutsche Welle,Mundo
" Prender, amontoar e (des)cumprir a Constituição","
7 de janeiro de 2019 ",https://www.cartacapital.com.br/justica/prender-amontoar-e-cumprir-a-constituicao/,Fábio Prudente Netto e Vitor Jorge Gonçalves Vasconcelos,Justiça
Procurador pede que Bolsonaro seja investigado por “fantasma”,"
28 de fevereiro de 2019 ",https://www.cartacapital.com.br/politica/procurador-pede-que-bolsonaro-seja-investigado-por-fantasma/,Redação,Política
Manifesto de atirador da Nova Zelândia faz menção ao Brasil,"
16 de março de 2019 ",https://www.cartacapital.com.br/mundo/manifesto-de-atirador-da-nova-zelandia-faz-mencao-ao-brasil/,Deutsche Welle,Mundo
" PT, PSB, PSOL e Rede oficializam bloco progressista na Câmara","
1 de fevereiro de 2019 ",https://www.cartacapital.com.br/politica/pt-psb-psol-e-rede-oficializam-bloco-progressista-na-camara/,Marina Gama Cubas,Política
Eduardo Bolsonaro presidirá Comissão de Relações Exteriores da Câmara,"
14 de março de 2019 ",https://www.cartacapital.com.br/politica/eduardo-bolsonaro-presidira-comissao-de-relacoes-exteriores-da-camara/,Redação,Política
 Idas e vindas da esquerda na tentativa de criar um bloco na Câmara,"
29 de janeiro de 2019 ",https://www.cartacapital.com.br/politica/idas-e-vindas-da-esquerda-na-tentativa-de-criar-um-bloco-na-camara/,Marina Gama Cubas,Política
Mulheres criticam governo Bolsonaro e pedem fim do feminicídio,"
9 de março de 2019 ",https://www.cartacapital.com.br/sociedade/mulheres-criticam-governo-bolsonaro-e-pedem-fim-do-feminicidio/,Maria Paula Malheiros,Sociedade
 Câmara barra decreto contra Lei de Acesso à Informação,"
19 de fevereiro de 2019 ",https://www.cartacapital.com.br/politica/camara-barra-decreto-que-reduz-o-alcance-da-lei-de-acesso-a-informacao/,Agência Câmara,Política
" Para Freixo, apoio a Rodrigo Maia na Câmara é o suicídio da esquerda","
19 de janeiro de 2019 ",https://www.cartacapital.com.br/politica/para-freixo-apoio-a-rodrigo-maia-na-camara-e-o-suicidio-da-esquerda/,Fred Melo Paiva,Política
Alckmin será comentarista de saúde e bem-estar na TV Gazeta,"
26 de março de 2019 ",https://www.cartacapital.com.br/politica/alckmin-sera-comentarista-de-saude-e-bem-estar-na-tv-gazeta/,Redação,Política
Ex-chefe de campanha de Trump é condenado a sete anos de prisão,"
13 de março de 2019 ",https://www.cartacapital.com.br/mundo/ex-chefe-de-campanha-de-trump-e-condenado-a-sete-anos-de-prisao/,Deutsche Welle,Mundo
 O que está por trás do combate ao investimento produtivo chinês?,"
18 de fevereiro de 2019 ",https://www.cartacapital.com.br/economia/o-que-esta-por-tras-do-combate-ao-investimento-produtivo-chines/,Giorgio Romano,Economia
China corta impostos e amplia o crédito contra a desaceleração do PIB,"
5 de março de 2019 ",https://www.cartacapital.com.br/economia/china-corta-impostos-e-amplia-o-credito-contra-a-desaceleracao-do-pib/,RFI,Economia
Ex-secretário de Alckmin vira réu por receber propina de empreiteira,"
7 de março de 2019 ",https://www.cartacapital.com.br/politica/ex-secretario-de-alckmin-vira-reu-por-receber-propina-de-empreiteira/,Redação,Política
" Brasil, Estados Unidos, China","
25 de janeiro de 2019 ",https://www.cartacapital.com.br/economia/brasil-estados-unidos-china/,Paulo Nogueira Batista Jr.,Opinião
" Na Venezuela, multidões vão às ruas contra e a favor de Maduro","
3 de fevereiro de 2019 ",https://www.cartacapital.com.br/mundo/na-venezuela-multidoes-vao-as-ruas-contra-e-a-favor-de-maduro/,Deutsche Welle,Mundo
" Assassinato de Khashoggi foi planejado, diz relatora da ONU","
8 de fevereiro de 2019 ",https://www.cartacapital.com.br/mundo/assassinato-de-khashoggi-foi-planejado-diz-relatora-da-onu/,RFI,Mundo
Os primeiros 100 dias da esquerda no poder no México,"
10 de março de 2019 ",https://www.cartacapital.com.br/mundo/os-primeiros-100-dias-da-esquerda-no-poder-no-mexico/,Deutsche Welle,Mundo
México pede que Espanha e Vaticano se desculpem por colonização,"
26 de março de 2019 ",https://www.cartacapital.com.br/mundo/mexico-pede-que-espanha-e-vaticano-se-desculpem-por-colonizacao/,Deutsche Welle,Mundo
"Contra Reforma da Previdência, Brasil tem “esquenta” para greve geral","
22 de março de 2019 ",https://www.cartacapital.com.br/politica/contra-reforma-da-previdencia-brasil-tem-esquenta-para-greve-geral/,Rodrigo Martins,Política
"Inteligência artificial desperta fascínio e temor no Brasil, diz pesquisa","
4 de abril de 2019 ",https://www.cartacapital.com.br/sociedade/inteligencia-artificial-desperta-fascinio-e-temor-no-brasil-diz-pesquisa/,Reinaldo Canto,Sociedade
Reforma: deputados do centrão decidem vetar BPC e aposentadoria rural,"
26 de março de 2019 ",https://www.cartacapital.com.br/politica/reforma-deputados-do-centrao-decidem-vetar-bpc-e-aposentadoria-rural/,Thais Reis Oliveira,Política
Ministro de Bolsonaro usa nazismo para rebater jornalista alemão,"
7 de março de 2019 ",https://www.cartacapital.com.br/mundo/ministro-de-bolsonaro-evoca-nazismo-para-rebater-jornalista-alemao/,Deutsche Welle,Mundo
A postura do clã Bolsonaro no caso Marielle,"
14 de março de 2019 ",https://www.cartacapital.com.br/politica/a-postura-do-cla-bolsonaro-no-caso-marielle/,Deutsche Welle,Política
Wyllys: “Marielle sempre quis ser honesta consigo e com as pessoas”,"
14 de março de 2019 ",https://www.cartacapital.com.br/politica/wyllys-marielle-sempre-quis-ser-honesta-consigo-e-com-as-pessoas/,Thaís Chaves,Política
"Com homenagem a Marielle e aos heróis esquecidos, Mangueira é campeã","
6 de março de 2019 ",https://www.cartacapital.com.br/sociedade/com-homenagem-a-marielle-e-aos-herois-esquecidos-mangueira-e-campea/,Alexandre Putti,Sociedade
" “Saída é mais poderosa que minha permanência”, diz Jean Wyllys","
18 de fevereiro de 2019 ",https://www.cartacapital.com.br/politica/minha-saida-e-mais-poderosa-que-minha-permanencia-diz-jean-wyllys/,Deutsche Welle,Política
Impunidade no caso de Marielle e Anderson é uma ferida aberta,"
14 de março de 2019 ",https://www.cartacapital.com.br/politica/a-espera-da-verdade-sobre-a-morte-de-marielle-franco/,Juliano Medeiros,Opinião
" Reunida em apoio a Jean Wyllys, a esquerda esquece suas divergências","
30 de janeiro de 2019 ",https://www.cartacapital.com.br/politica/reunida-em-apoio-a-jean-wyllys-a-esquerda-esquece-suas-divergencias/,Thaís Chaves,Política
" Frota vence disputa e tira marca MBL de Kim, Renan e Holiday","
4 de fevereiro de 2019 ",https://www.cartacapital.com.br/politica/frota-vence-disputa-e-tira-marca-mbl-de-kim-renan-e-holiday/,Vinicius Segalla,Política
Jean Wyllys: “Temo que Lula morra na prisão”,"
26 de fevereiro de 2019 ",https://www.cartacapital.com.br/politica/jean-wyllys-promete-do-autoexilio-continuar-sua-militancia/,Fátima Lacerda,Política
 Kim Kataguiri perde ação contra repórter que o chamou de fascista,"
14 de janeiro de 2019 ",https://www.cartacapital.com.br/politica/kim-kataguiri-perde-acao-contra-reporter-que-lhe-chamou-de-fascista/,Vinicius Segalla,Política
 Suplente de Jean Wyllys rebate Bolsonaro: “Segura a empolgação”,"
24 de janeiro de 2019 ",https://www.cartacapital.com.br/politica/suplente-de-jean-wyllys-rebate-bolsonaro-segura-a-empolgacao/,Thais Reis Oliveira,Política
Tiburi: “Recebo mensagens dizendo que vão me dar um tiro na testa”,"
12 de março de 2019 ",https://www.cartacapital.com.br/politica/tiburi-recebo-mensagens-dizendo-que-vao-me-dar-um-tiro-na-testa/,Carol Scorce,Política
"Nossa aliança não é nova, diz presidenta do PCdoB sobre apoio a Maia","
16 de janeiro de 2019 ",https://www.cartacapital.com.br/politica/nossa-alianca-nao-e-nova-diz-presidente-do-pcdob-sobre-apoio-a-maia/,Marina Gama Cubas,Política
 MP não descarta participação de policial preso em morte de Marielle,"
22 de janeiro de 2019 ",https://www.cartacapital.com.br/sociedade/mp-nao-descarta-participacao-de-policial-preso-em-morte-de-marielle/,Marina Lang,Sociedade
 Por que a embaixada do Brasil em Berlim vem sendo vandalizada?,"
1 de fevereiro de 2019 ",https://www.cartacapital.com.br/mundo/por-que-a-embaixada-do-brasil-em-berlim-vem-sendo-vandalizada/,Deutsche Welle,Mundo
"Sob ameaças, Márcia Tiburi decide sair do Brasil","
11 de março de 2019 ",https://www.cartacapital.com.br/politica/sob-ameacas-marcia-tiburi-decide-sair-do-brasil/,Redação,Política
 “Ataque a embaixada foi ato contra Bolsonaro”,"
3 de fevereiro de 2019 ",https://www.cartacapital.com.br/mundo/ataque-a-embaixada-foi-ato-contra-bolsonaro/,Deutsche Welle,Mundo
 Ataque a embaixada de Berlim foi para marcar um mês do governo Bolsonaro,"
5 de fevereiro de 2019 ",https://www.cartacapital.com.br/mundo/ataque-a-embaixada-foi-ato-contra-bolsonaro-2/,Deutsche Welle,Mundo
Esquerda chega enfraquecida para eleição do Parlamento Europeu,"
9 de março de 2019 ",https://www.cartacapital.com.br/mundo/esquerda-chega-enfraquecida-para-eleicao-do-parlamento-europeu/,Deutsche Welle,Mundo
Bannon: Bolsonaro e Salvini são os políticos mais importantes do mundo,"
26 de março de 2019 ",https://www.cartacapital.com.br/mundo/bannon-bolsonaro-e-salvini-sao-os-politicos-mais-importantes-do-mundo/,RFI,Mundo
